set,variant,seed,target,status,reason,cycles,uart_lines,uart_bad,uart_only,app,march,opt,preempt,slice,tick,heap,tag,bpred,ram_kb,nchecks,check_ticks,timeout,image,wall_s
bpred,full.rv32i.O2.p1s1.t10000.h4.bp3,0201,dut,PASS,,150567388,3,0,False,full,rv32i,-O2,1,1,10000,4,,3,256,3,5000,237000000,237b9efbf7065397,173.9
bpred,full.rv32i.O2.p1s1.t10000.h4.bp3,0201,golden,PASS,,150680899,3,0,False,full,rv32i,-O2,1,1,10000,4,,3,256,3,5000,237000000,237b9efbf7065397,289.1
bpred,full.rv32i.O2.p1s1.t10000.h4.bp3,0202,dut,PASS,,150567764,3,0,False,full,rv32i,-O2,1,1,10000,4,,3,256,3,5000,237000000,237b9efbf7065397,184.5
bpred,full.rv32i.O2.p1s1.t10000.h4.bp3,0202,golden,PASS,,150681002,3,0,False,full,rv32i,-O2,1,1,10000,4,,3,256,3,5000,237000000,237b9efbf7065397,255.1
bpred,full.rv32i.O2.p1s1.t10000.h4.bp3,0203,dut,PASS,,150567501,3,0,False,full,rv32i,-O2,1,1,10000,4,,3,256,3,5000,237000000,237b9efbf7065397,176.9
bpred,full.rv32i.O2.p1s1.t10000.h4.bp3,0203,golden,PASS,,150680055,3,0,False,full,rv32i,-O2,1,1,10000,4,,3,256,3,5000,237000000,237b9efbf7065397,295.2
bpred,full.rv32i.O2.p1s1.t10000.h4.bp3,0204,dut,PASS,,150568081,3,0,False,full,rv32i,-O2,1,1,10000,4,,3,256,3,5000,237000000,237b9efbf7065397,191.0
bpred,full.rv32i.O2.p1s1.t10000.h4.bp3,0204,golden,PASS,,150680080,3,0,False,full,rv32i,-O2,1,1,10000,4,,3,256,3,5000,237000000,237b9efbf7065397,265.9
bpred,full.rv32i.Os.p1s1.t10000.h4.bp1,0201,dut,PASS,,150587232,3,0,False,full,rv32i,-Os,1,1,10000,4,,1,256,3,5000,237000000,51fd82646a710ccd,171.3
bpred,full.rv32i.Os.p1s1.t10000.h4.bp1,0201,golden,PASS,,150695480,3,0,False,full,rv32i,-Os,1,1,10000,4,,1,256,3,5000,237000000,51fd82646a710ccd,254.7
bpred,full.rv32i.Os.p1s1.t10000.h4.bp1,0202,dut,PASS,,150587818,3,0,False,full,rv32i,-Os,1,1,10000,4,,1,256,3,5000,237000000,51fd82646a710ccd,172.6
bpred,full.rv32i.Os.p1s1.t10000.h4.bp1,0202,golden,PASS,,150695948,3,0,False,full,rv32i,-Os,1,1,10000,4,,1,256,3,5000,237000000,51fd82646a710ccd,307.0
bpred,full.rv32i.Os.p1s1.t10000.h4.bp1,0203,dut,PASS,,150588226,3,0,False,full,rv32i,-Os,1,1,10000,4,,1,256,3,5000,237000000,51fd82646a710ccd,188.9
bpred,full.rv32i.Os.p1s1.t10000.h4.bp1,0203,golden,PASS,,150696952,3,0,False,full,rv32i,-Os,1,1,10000,4,,1,256,3,5000,237000000,51fd82646a710ccd,276.1
bpred,full.rv32i.Os.p1s1.t10000.h4.bp1,0204,dut,PASS,,150587350,3,0,False,full,rv32i,-Os,1,1,10000,4,,1,256,3,5000,237000000,51fd82646a710ccd,174.5
bpred,full.rv32i.Os.p1s1.t10000.h4.bp1,0204,golden,PASS,,150695475,3,0,False,full,rv32i,-Os,1,1,10000,4,,1,256,3,5000,237000000,51fd82646a710ccd,289.8
bpred,minimal.rv32i.O2.p1s1.t10000.h4.bp3,0201,dut,PASS,,10153243,12,0,False,minimal,rv32i,-O2,1,1,10000,4,,3,32,1,1000,18000000,7d8539d0d7786b2d,14.2
bpred,minimal.rv32i.O2.p1s1.t10000.h4.bp3,0201,golden,PASS,,10159937,12,0,False,minimal,rv32i,-O2,1,1,10000,4,,3,32,1,1000,18000000,7d8539d0d7786b2d,19.0
bpred,minimal.rv32i.O2.p1s1.t10000.h4.bp3,0202,dut,PASS,,10153248,12,0,False,minimal,rv32i,-O2,1,1,10000,4,,3,32,1,1000,18000000,7d8539d0d7786b2d,13.2
bpred,minimal.rv32i.O2.p1s1.t10000.h4.bp3,0202,golden,PASS,,10159937,12,0,False,minimal,rv32i,-O2,1,1,10000,4,,3,32,1,1000,18000000,7d8539d0d7786b2d,21.6
bpred,minimal.rv32i.O2.p1s1.t10000.h4.bp3,0203,dut,PASS,,10163252,11,0,False,minimal,rv32i,-O2,1,1,10000,4,,3,32,1,1000,18000000,7d8539d0d7786b2d,12.1
bpred,minimal.rv32i.O2.p1s1.t10000.h4.bp3,0203,golden,PASS,,10169938,11,0,False,minimal,rv32i,-O2,1,1,10000,4,,3,32,1,1000,18000000,7d8539d0d7786b2d,20.7
bpred,minimal.rv32i.O2.p1s1.t10000.h4.bp3,0204,dut,PASS,,10173262,12,0,False,minimal,rv32i,-O2,1,1,10000,4,,3,32,1,1000,18000000,7d8539d0d7786b2d,12.5
bpred,minimal.rv32i.O2.p1s1.t10000.h4.bp3,0204,golden,PASS,,10179938,12,0,False,minimal,rv32i,-O2,1,1,10000,4,,3,32,1,1000,18000000,7d8539d0d7786b2d,20.7
bpred,mzba.rv32i.O2.p1s1.t10000.h4.bp3,0201,dut,PASS,,10896982,74,0,False,mzba,rv32i,-O2,1,1,10000,4,,3,32,10,100,18000000,471cf874a87311bf,13.4
bpred,mzba.rv32i.O2.p1s1.t10000.h4.bp3,0201,golden,PASS,,11068308,67,0,False,mzba,rv32i,-O2,1,1,10000,4,,3,32,10,100,18000000,471cf874a87311bf,29.0
bpred,mzba.rv32i.O2.p1s1.t10000.h4.bp3,0202,dut,PASS,,10923358,71,0,False,mzba,rv32i,-O2,1,1,10000,4,,3,32,10,100,18000000,471cf874a87311bf,15.6
bpred,mzba.rv32i.O2.p1s1.t10000.h4.bp3,0202,golden,PASS,,11109754,60,0,False,mzba,rv32i,-O2,1,1,10000,4,,3,32,10,100,18000000,471cf874a87311bf,20.7
bpred,mzba.rv32i.O2.p1s1.t10000.h4.bp3,0203,dut,PASS,,10884172,70,0,False,mzba,rv32i,-O2,1,1,10000,4,,3,32,10,100,18000000,471cf874a87311bf,15.9
bpred,mzba.rv32i.O2.p1s1.t10000.h4.bp3,0203,golden,PASS,,11049343,64,0,False,mzba,rv32i,-O2,1,1,10000,4,,3,32,10,100,18000000,471cf874a87311bf,20.3
bpred,mzba.rv32i.O2.p1s1.t10000.h4.bp3,0204,dut,PASS,,10904271,73,0,False,mzba,rv32i,-O2,1,1,10000,4,,3,32,10,100,18000000,471cf874a87311bf,12.9
bpred,mzba.rv32i.O2.p1s1.t10000.h4.bp3,0204,golden,PASS,,11084891,65,0,False,mzba,rv32i,-O2,1,1,10000,4,,3,32,10,100,18000000,471cf874a87311bf,20.4
bpred,mzba.rv32im_zba.O2.p1s1.t10000.h4.bp3,0201,dut,PASS,,10533031,104,0,False,mzba,rv32im_zba,-O2,1,1,10000,4,,3,32,25,40,18000000,a126d12d620553e9,12.9
bpred,mzba.rv32im_zba.O2.p1s1.t10000.h4.bp3,0202,dut,PASS,,10549478,104,0,False,mzba,rv32im_zba,-O2,1,1,10000,4,,3,32,25,40,18000000,a126d12d620553e9,17.1
bpred,mzba.rv32im_zba.O2.p1s1.t10000.h4.bp3,0203,dut,PASS,,10527708,104,0,False,mzba,rv32im_zba,-O2,1,1,10000,4,,3,32,25,40,18000000,a126d12d620553e9,12.8
bpred,mzba.rv32im_zba.O2.p1s1.t10000.h4.bp3,0204,dut,PASS,,10538950,105,0,False,mzba,rv32im_zba,-O2,1,1,10000,4,,3,32,25,40,18000000,a126d12d620553e9,13.1
bpred,stress.noyield.rv32i.Os.p1s1.t5000.h4.bp3,0201,dut,PASS,,9743579,52,0,False,stress,rv32i,-Os,1,1,5000,4,noyield,3,32,12,160,17400000,8e85898a730fc24c,12.4
bpred,stress.noyield.rv32i.Os.p1s1.t5000.h4.bp3,0201,golden,PASS,,9760816,53,0,False,stress,rv32i,-Os,1,1,5000,4,noyield,3,32,12,160,17400000,8e85898a730fc24c,23.2
bpred,stress.noyield.rv32i.Os.p1s1.t5000.h4.bp3,0202,dut,PASS,,9742202,53,0,False,stress,rv32i,-Os,1,1,5000,4,noyield,3,32,12,160,17400000,8e85898a730fc24c,11.9
bpred,stress.noyield.rv32i.Os.p1s1.t5000.h4.bp3,0202,golden,PASS,,9758936,53,0,False,stress,rv32i,-Os,1,1,5000,4,noyield,3,32,12,160,17400000,8e85898a730fc24c,19.2
bpred,stress.noyield.rv32i.Os.p1s1.t5000.h4.bp3,0203,dut,PASS,,9742046,53,0,False,stress,rv32i,-Os,1,1,5000,4,noyield,3,32,12,160,17400000,8e85898a730fc24c,9.3
bpred,stress.noyield.rv32i.Os.p1s1.t5000.h4.bp3,0203,golden,PASS,,9758968,53,0,False,stress,rv32i,-Os,1,1,5000,4,noyield,3,32,12,160,17400000,8e85898a730fc24c,21.8
bpred,stress.noyield.rv32i.Os.p1s1.t5000.h4.bp3,0204,dut,PASS,,9743983,53,0,False,stress,rv32i,-Os,1,1,5000,4,noyield,3,32,12,160,17400000,8e85898a730fc24c,12.5
bpred,stress.noyield.rv32i.Os.p1s1.t5000.h4.bp3,0204,golden,PASS,,9762754,52,0,False,stress,rv32i,-Os,1,1,5000,4,noyield,3,32,12,160,17400000,8e85898a730fc24c,21.6
bpred,stress.rv32i.O0.p1s1.t10000.h4.bp2,0201,dut,PASS,,10191773,79,0,False,stress,rv32i,-O0,1,1,10000,4,,2,64,10,100,21000000,3aae7800a3c80c4d,15.3
bpred,stress.rv32i.O0.p1s1.t10000.h4.bp2,0201,golden,PASS,,10218081,80,0,False,stress,rv32i,-O0,1,1,10000,4,,2,64,10,100,21000000,3aae7800a3c80c4d,24.7
bpred,stress.rv32i.O0.p1s1.t10000.h4.bp2,0202,dut,PASS,,10190571,82,0,False,stress,rv32i,-O0,1,1,10000,4,,2,64,10,100,21000000,3aae7800a3c80c4d,16.6
bpred,stress.rv32i.O0.p1s1.t10000.h4.bp2,0202,golden,PASS,,10214793,81,0,False,stress,rv32i,-O0,1,1,10000,4,,2,64,10,100,21000000,3aae7800a3c80c4d,22.3
bpred,stress.rv32i.O0.p1s1.t10000.h4.bp2,0203,dut,PASS,,10189960,81,0,False,stress,rv32i,-O0,1,1,10000,4,,2,64,10,100,21000000,3aae7800a3c80c4d,15.1
bpred,stress.rv32i.O0.p1s1.t10000.h4.bp2,0203,golden,PASS,,10214055,82,0,False,stress,rv32i,-O0,1,1,10000,4,,2,64,10,100,21000000,3aae7800a3c80c4d,15.7
bpred,stress.rv32i.O0.p1s1.t10000.h4.bp2,0204,dut,PASS,,10193106,79,0,False,stress,rv32i,-O0,1,1,10000,4,,2,64,10,100,21000000,3aae7800a3c80c4d,17.7
bpred,stress.rv32i.O0.p1s1.t10000.h4.bp2,0204,golden,PASS,,10218822,78,0,False,stress,rv32i,-O0,1,1,10000,4,,2,64,10,100,21000000,3aae7800a3c80c4d,18.3
bpred,stress.rv32i.O2.p1s1.t10000.h4.bp1,0201,dut,PASS,,10144168,101,0,False,stress,rv32i,-O2,1,1,10000,4,,1,32,25,40,18000000,f456c1178f724dc9,12.5
bpred,stress.rv32i.O2.p1s1.t10000.h4.bp1,0201,golden,PASS,,10167530,100,0,False,stress,rv32i,-O2,1,1,10000,4,,1,32,25,40,18000000,f456c1178f724dc9,21.4
bpred,stress.rv32i.O2.p1s1.t10000.h4.bp1,0202,dut,PASS,,10147476,102,0,False,stress,rv32i,-O2,1,1,10000,4,,1,32,25,40,18000000,f456c1178f724dc9,10.8
bpred,stress.rv32i.O2.p1s1.t10000.h4.bp1,0202,golden,PASS,,10156961,103,0,False,stress,rv32i,-O2,1,1,10000,4,,1,32,25,40,18000000,f456c1178f724dc9,29.3
bpred,stress.rv32i.O2.p1s1.t10000.h4.bp1,0203,dut,PASS,,10142839,102,0,False,stress,rv32i,-O2,1,1,10000,4,,1,32,25,40,18000000,f456c1178f724dc9,12.3
bpred,stress.rv32i.O2.p1s1.t10000.h4.bp1,0203,golden,PASS,,10156526,103,0,False,stress,rv32i,-O2,1,1,10000,4,,1,32,25,40,18000000,f456c1178f724dc9,20.6
bpred,stress.rv32i.O2.p1s1.t10000.h4.bp1,0204,dut,PASS,,10144840,101,0,False,stress,rv32i,-O2,1,1,10000,4,,1,32,25,40,18000000,f456c1178f724dc9,14.4
bpred,stress.rv32i.O2.p1s1.t10000.h4.bp1,0204,golden,PASS,,10159008,101,0,False,stress,rv32i,-O2,1,1,10000,4,,1,32,25,40,18000000,f456c1178f724dc9,28.5
bpred,stress.rv32i.O2.p1s1.t10000.h4.bp2,0201,dut,PASS,,10142492,101,0,False,stress,rv32i,-O2,1,1,10000,4,,2,32,25,40,18000000,0033e15bc2010803,13.3
bpred,stress.rv32i.O2.p1s1.t10000.h4.bp2,0201,golden,PASS,,10167531,100,0,False,stress,rv32i,-O2,1,1,10000,4,,2,32,25,40,18000000,0033e15bc2010803,21.3
bpred,stress.rv32i.O2.p1s1.t10000.h4.bp2,0202,dut,PASS,,10140170,103,0,False,stress,rv32i,-O2,1,1,10000,4,,2,32,25,40,18000000,0033e15bc2010803,13.7
bpred,stress.rv32i.O2.p1s1.t10000.h4.bp2,0202,golden,PASS,,10156962,103,0,False,stress,rv32i,-O2,1,1,10000,4,,2,32,25,40,18000000,0033e15bc2010803,25.9
bpred,stress.rv32i.O2.p1s1.t10000.h4.bp2,0203,dut,PASS,,10140721,102,0,False,stress,rv32i,-O2,1,1,10000,4,,2,32,25,40,18000000,0033e15bc2010803,13.0
bpred,stress.rv32i.O2.p1s1.t10000.h4.bp2,0203,golden,PASS,,10156527,103,0,False,stress,rv32i,-O2,1,1,10000,4,,2,32,25,40,18000000,0033e15bc2010803,21.2
bpred,stress.rv32i.O2.p1s1.t10000.h4.bp2,0204,dut,PASS,,10142599,101,0,False,stress,rv32i,-O2,1,1,10000,4,,2,32,25,40,18000000,0033e15bc2010803,11.2
bpred,stress.rv32i.O2.p1s1.t10000.h4.bp2,0204,golden,PASS,,10159009,101,0,False,stress,rv32i,-O2,1,1,10000,4,,2,32,25,40,18000000,0033e15bc2010803,20.3
bpred,stress.rv32i.O2.p1s1.t10000.h4.bp3,0201,dut,PASS,,10142133,101,0,False,stress,rv32i,-O2,1,1,10000,4,,3,32,25,40,18000000,ade95cdb0707751d,13.1
bpred,stress.rv32i.O2.p1s1.t10000.h4.bp3,0201,golden,PASS,,10167531,100,0,False,stress,rv32i,-O2,1,1,10000,4,,3,32,25,40,18000000,ade95cdb0707751d,20.3
bpred,stress.rv32i.O2.p1s1.t10000.h4.bp3,0202,dut,PASS,,10147031,103,0,False,stress,rv32i,-O2,1,1,10000,4,,3,32,25,40,18000000,ade95cdb0707751d,12.7
bpred,stress.rv32i.O2.p1s1.t10000.h4.bp3,0202,golden,PASS,,10156962,103,0,False,stress,rv32i,-O2,1,1,10000,4,,3,32,25,40,18000000,ade95cdb0707751d,20.8
bpred,stress.rv32i.O2.p1s1.t10000.h4.bp3,0203,dut,PASS,,10140161,103,0,False,stress,rv32i,-O2,1,1,10000,4,,3,32,25,40,18000000,ade95cdb0707751d,12.7
bpred,stress.rv32i.O2.p1s1.t10000.h4.bp3,0203,golden,PASS,,10156527,103,0,False,stress,rv32i,-O2,1,1,10000,4,,3,32,25,40,18000000,ade95cdb0707751d,23.9
bpred,stress.rv32i.O2.p1s1.t10000.h4.bp3,0204,dut,PASS,,10145903,101,0,False,stress,rv32i,-O2,1,1,10000,4,,3,32,25,40,18000000,ade95cdb0707751d,17.4
bpred,stress.rv32i.O2.p1s1.t10000.h4.bp3,0204,golden,PASS,,10159009,101,0,False,stress,rv32i,-O2,1,1,10000,4,,3,32,25,40,18000000,ade95cdb0707751d,18.1
breaker,brk.bpdyn.rv32i.O2.p1s1.t10000.h4.bp3,0101,dut,PASS,,20265143,117,0,False,brk,rv32i,-O2,1,1,10000,4,bpdyn,3,64,20,100,36000000,ea468b6c71be05b6,30.3
breaker,brk.bpdyn.rv32i.O2.p1s1.t10000.h4.bp3,0101,golden,PASS,,20288302,116,0,False,brk,rv32i,-O2,1,1,10000,4,bpdyn,3,64,20,100,36000000,ea468b6c71be05b6,39.0
breaker,brk.bpdyn.rv32i.O2.p1s1.t10000.h4.bp3,0102,dut,PASS,,20250832,119,0,False,brk,rv32i,-O2,1,1,10000,4,bpdyn,3,64,20,100,36000000,ea468b6c71be05b6,29.9
breaker,brk.bpdyn.rv32i.O2.p1s1.t10000.h4.bp3,0102,golden,PASS,,20278237,118,0,False,brk,rv32i,-O2,1,1,10000,4,bpdyn,3,64,20,100,36000000,ea468b6c71be05b6,39.4
breaker,brk.bpdyn.rv32i.O2.p1s1.t10000.h4.bp3,0103,dut,PASS,,20250210,119,0,False,brk,rv32i,-O2,1,1,10000,4,bpdyn,3,64,20,100,36000000,ea468b6c71be05b6,31.1
breaker,brk.bpdyn.rv32i.O2.p1s1.t10000.h4.bp3,0103,golden,PASS,,20289152,116,0,False,brk,rv32i,-O2,1,1,10000,4,bpdyn,3,64,20,100,36000000,ea468b6c71be05b6,38.8
breaker,brk.bpdyn.rv32i.O2.p1s1.t10000.h4.bp3,0104,dut,PASS,,20254171,121,0,False,brk,rv32i,-O2,1,1,10000,4,bpdyn,3,64,20,100,36000000,ea468b6c71be05b6,28.6
breaker,brk.bpdyn.rv32i.O2.p1s1.t10000.h4.bp3,0104,golden,PASS,,20287824,120,0,False,brk,rv32i,-O2,1,1,10000,4,bpdyn,3,64,20,100,36000000,ea468b6c71be05b6,40.6
breaker,brk.bpdyn.rv32i.O2.p1s1.t10000.h4.bp3,0105,dut,PASS,,20257265,117,0,False,brk,rv32i,-O2,1,1,10000,4,bpdyn,3,64,20,100,36000000,ea468b6c71be05b6,32.3
breaker,brk.bpdyn.rv32i.O2.p1s1.t10000.h4.bp3,0105,golden,PASS,,20286263,117,0,False,brk,rv32i,-O2,1,1,10000,4,bpdyn,3,64,20,100,36000000,ea468b6c71be05b6,39.2
breaker,brk.bpdyn.rv32i.O2.p1s1.t10000.h4.bp3,0106,dut,PASS,,20251322,121,0,False,brk,rv32i,-O2,1,1,10000,4,bpdyn,3,64,20,100,36000000,ea468b6c71be05b6,30.0
breaker,brk.bpdyn.rv32i.O2.p1s1.t10000.h4.bp3,0106,golden,PASS,,20286721,116,0,False,brk,rv32i,-O2,1,1,10000,4,bpdyn,3,64,20,100,36000000,ea468b6c71be05b6,45.3
breaker,brk.bpdyn.rv32i.O2.p1s1.t10000.h4.bp3,0107,dut,PASS,,20253050,120,0,False,brk,rv32i,-O2,1,1,10000,4,bpdyn,3,64,20,100,36000000,ea468b6c71be05b6,28.9
breaker,brk.bpdyn.rv32i.O2.p1s1.t10000.h4.bp3,0107,golden,PASS,,20299104,121,0,False,brk,rv32i,-O2,1,1,10000,4,bpdyn,3,64,20,100,36000000,ea468b6c71be05b6,52.5
breaker,brk.bpdyn.rv32i.O2.p1s1.t10000.h4.bp3,0108,dut,PASS,,20250696,120,0,False,brk,rv32i,-O2,1,1,10000,4,bpdyn,3,64,20,100,36000000,ea468b6c71be05b6,33.0
breaker,brk.bpdyn.rv32i.O2.p1s1.t10000.h4.bp3,0108,golden,PASS,,20281198,118,0,False,brk,rv32i,-O2,1,1,10000,4,bpdyn,3,64,20,100,36000000,ea468b6c71be05b6,48.2
breaker,brk.bpdyn.rv32im.O2.p1s1.t10000.h4.bp3,0101,dut,PASS,,20244074,120,0,False,brk,rv32im,-O2,1,1,10000,4,bpdyn,3,64,20,100,36000000,03cab956592ab3b8,30.8
breaker,brk.bpdyn.rv32im.O2.p1s1.t10000.h4.bp3,0102,dut,PASS,,20255616,121,0,False,brk,rv32im,-O2,1,1,10000,4,bpdyn,3,64,20,100,36000000,03cab956592ab3b8,22.9
breaker,brk.bpdyn.rv32im.O2.p1s1.t10000.h4.bp3,0103,dut,PASS,,20242745,120,0,False,brk,rv32im,-O2,1,1,10000,4,bpdyn,3,64,20,100,36000000,03cab956592ab3b8,31.4
breaker,brk.bpdyn.rv32im.O2.p1s1.t10000.h4.bp3,0104,dut,PASS,,20243301,122,0,False,brk,rv32im,-O2,1,1,10000,4,bpdyn,3,64,20,100,36000000,03cab956592ab3b8,30.8
breaker,brk.bpdyn.rv32im.O2.p1s1.t10000.h4.bp3,0105,dut,PASS,,20243571,120,0,False,brk,rv32im,-O2,1,1,10000,4,bpdyn,3,64,20,100,36000000,03cab956592ab3b8,39.9
breaker,brk.bpdyn.rv32im.O2.p1s1.t10000.h4.bp3,0106,dut,PASS,,20243700,122,0,False,brk,rv32im,-O2,1,1,10000,4,bpdyn,3,64,20,100,36000000,03cab956592ab3b8,29.0
breaker,brk.bpdyn.rv32im.O2.p1s1.t10000.h4.bp3,0107,dut,PASS,,20241242,122,0,False,brk,rv32im,-O2,1,1,10000,4,bpdyn,3,64,20,100,36000000,03cab956592ab3b8,26.1
breaker,brk.bpdyn.rv32im.O2.p1s1.t10000.h4.bp3,0108,dut,PASS,,20242417,123,0,False,brk,rv32im,-O2,1,1,10000,4,bpdyn,3,64,20,100,36000000,03cab956592ab3b8,28.6
breaker,brk.rv32i.O0.p1s1.t10000.h4,0101,dut,PASS,,20413119,102,0,False,brk,rv32i,-O0,1,1,10000,4,,0,256,8,250,42000000,abcca02193e8e4bf,33.4
breaker,brk.rv32i.O0.p1s1.t10000.h4,0101,golden,PASS,,20411253,100,0,False,brk,rv32i,-O0,1,1,10000,4,,0,256,8,250,42000000,abcca02193e8e4bf,36.3
breaker,brk.rv32i.O0.p1s1.t10000.h4,0102,dut,PASS,,20411254,102,0,False,brk,rv32i,-O0,1,1,10000,4,,0,256,8,250,42000000,abcca02193e8e4bf,34.0
breaker,brk.rv32i.O0.p1s1.t10000.h4,0102,golden,PASS,,20412047,103,0,False,brk,rv32i,-O0,1,1,10000,4,,0,256,8,250,42000000,abcca02193e8e4bf,42.6
breaker,brk.rv32i.O0.p1s1.t10000.h4,0103,dut,PASS,,20417133,104,0,False,brk,rv32i,-O0,1,1,10000,4,,0,256,8,250,42000000,abcca02193e8e4bf,39.8
breaker,brk.rv32i.O0.p1s1.t10000.h4,0103,golden,PASS,,20418203,101,0,False,brk,rv32i,-O0,1,1,10000,4,,0,256,8,250,42000000,abcca02193e8e4bf,44.0
breaker,brk.rv32i.O0.p1s1.t10000.h4,0104,dut,PASS,,20414974,106,0,False,brk,rv32i,-O0,1,1,10000,4,,0,256,8,250,42000000,abcca02193e8e4bf,29.4
breaker,brk.rv32i.O0.p1s1.t10000.h4,0104,golden,PASS,,20415353,105,0,False,brk,rv32i,-O0,1,1,10000,4,,0,256,8,250,42000000,abcca02193e8e4bf,44.1
breaker,brk.rv32i.O0.p1s1.t10000.h4,0105,dut,PASS,,20415338,101,0,False,brk,rv32i,-O0,1,1,10000,4,,0,256,8,250,42000000,abcca02193e8e4bf,29.7
breaker,brk.rv32i.O0.p1s1.t10000.h4,0105,golden,PASS,,20419413,103,0,False,brk,rv32i,-O0,1,1,10000,4,,0,256,8,250,42000000,abcca02193e8e4bf,43.3
breaker,brk.rv32i.O0.p1s1.t10000.h4,0106,dut,PASS,,20411900,101,0,False,brk,rv32i,-O0,1,1,10000,4,,0,256,8,250,42000000,abcca02193e8e4bf,27.9
breaker,brk.rv32i.O0.p1s1.t10000.h4,0106,golden,PASS,,20412572,104,0,False,brk,rv32i,-O0,1,1,10000,4,,0,256,8,250,42000000,abcca02193e8e4bf,35.3
breaker,brk.rv32i.O0.p1s1.t10000.h4,0107,dut,PASS,,20410763,104,0,False,brk,rv32i,-O0,1,1,10000,4,,0,256,8,250,42000000,abcca02193e8e4bf,34.7
breaker,brk.rv32i.O0.p1s1.t10000.h4,0107,golden,PASS,,20412089,103,0,False,brk,rv32i,-O0,1,1,10000,4,,0,256,8,250,42000000,abcca02193e8e4bf,36.6
breaker,brk.rv32i.O0.p1s1.t10000.h4,0108,dut,PASS,,20418681,102,0,False,brk,rv32i,-O0,1,1,10000,4,,0,256,8,250,42000000,abcca02193e8e4bf,32.0
breaker,brk.rv32i.O0.p1s1.t10000.h4,0108,golden,PASS,,20418269,103,0,False,brk,rv32i,-O0,1,1,10000,4,,0,256,8,250,42000000,abcca02193e8e4bf,44.9
breaker,brk.rv32i.O2.p0s1.t10000.h4,0101,dut,PASS,,20250607,129,0,False,brk,rv32i,-O2,0,1,10000,4,,0,64,20,100,36000000,b03e49d899aecf6c,29.1
breaker,brk.rv32i.O2.p0s1.t10000.h4,0101,golden,PASS,,20257666,129,0,False,brk,rv32i,-O2,0,1,10000,4,,0,64,20,100,36000000,b03e49d899aecf6c,1499.0
breaker,brk.rv32i.O2.p0s1.t10000.h4,0102,dut,PASS,,20253946,129,0,False,brk,rv32i,-O2,0,1,10000,4,,0,64,20,100,36000000,b03e49d899aecf6c,29.7
breaker,brk.rv32i.O2.p0s1.t10000.h4,0102,golden,PASS,,20253766,128,0,False,brk,rv32i,-O2,0,1,10000,4,,0,64,20,100,36000000,b03e49d899aecf6c,1497.7
breaker,brk.rv32i.O2.p0s1.t10000.h4,0103,dut,PASS,,20253803,130,0,False,brk,rv32i,-O2,0,1,10000,4,,0,64,20,100,36000000,b03e49d899aecf6c,36.2
breaker,brk.rv32i.O2.p0s1.t10000.h4,0103,golden,PASS,,20252640,129,0,False,brk,rv32i,-O2,0,1,10000,4,,0,64,20,100,36000000,b03e49d899aecf6c,1493.4
breaker,brk.rv32i.O2.p0s1.t10000.h4,0104,dut,PASS,,20252974,129,0,False,brk,rv32i,-O2,0,1,10000,4,,0,64,20,100,36000000,b03e49d899aecf6c,34.5
breaker,brk.rv32i.O2.p0s1.t10000.h4,0104,golden,PASS,,20250163,130,0,False,brk,rv32i,-O2,0,1,10000,4,,0,64,20,100,36000000,b03e49d899aecf6c,1492.9
breaker,brk.rv32i.O2.p0s1.t10000.h4,0105,dut,PASS,,20254516,132,0,False,brk,rv32i,-O2,0,1,10000,4,,0,64,20,100,36000000,b03e49d899aecf6c,47.6
breaker,brk.rv32i.O2.p0s1.t10000.h4,0105,golden,PASS,,20253773,132,0,False,brk,rv32i,-O2,0,1,10000,4,,0,64,20,100,36000000,b03e49d899aecf6c,1498.2
breaker,brk.rv32i.O2.p0s1.t10000.h4,0106,dut,PASS,,20253120,129,0,False,brk,rv32i,-O2,0,1,10000,4,,0,64,20,100,36000000,b03e49d899aecf6c,28.1
breaker,brk.rv32i.O2.p0s1.t10000.h4,0106,golden,PASS,,20252414,126,0,False,brk,rv32i,-O2,0,1,10000,4,,0,64,20,100,36000000,b03e49d899aecf6c,1493.8
breaker,brk.rv32i.O2.p0s1.t10000.h4,0107,dut,PASS,,20271525,131,0,False,brk,rv32i,-O2,0,1,10000,4,,0,64,20,100,36000000,b03e49d899aecf6c,27.4
breaker,brk.rv32i.O2.p0s1.t10000.h4,0107,golden,PASS,,20256467,132,0,False,brk,rv32i,-O2,0,1,10000,4,,0,64,20,100,36000000,b03e49d899aecf6c,1494.2
breaker,brk.rv32i.O2.p0s1.t10000.h4,0108,dut,PASS,,20247454,130,0,False,brk,rv32i,-O2,0,1,10000,4,,0,64,20,100,36000000,b03e49d899aecf6c,32.3
breaker,brk.rv32i.O2.p0s1.t10000.h4,0108,golden,PASS,,20251554,131,0,False,brk,rv32i,-O2,0,1,10000,4,,0,64,20,100,36000000,b03e49d899aecf6c,1491.5
breaker,brk.rv32i.O2.p1s1.t10000.h4,0101,dut,PASS,,20282347,117,0,False,brk,rv32i,-O2,1,1,10000,4,,0,64,20,100,36000000,76b51c06ddcf937e,26.8
breaker,brk.rv32i.O2.p1s1.t10000.h4,0101,golden,PASS,,20282319,116,0,False,brk,rv32i,-O2,1,1,10000,4,,0,64,20,100,36000000,76b51c06ddcf937e,43.0
breaker,brk.rv32i.O2.p1s1.t10000.h4,0102,dut,PASS,,20281558,117,0,False,brk,rv32i,-O2,1,1,10000,4,,0,64,20,100,36000000,76b51c06ddcf937e,37.0
breaker,brk.rv32i.O2.p1s1.t10000.h4,0102,golden,PASS,,20281485,119,0,False,brk,rv32i,-O2,1,1,10000,4,,0,64,20,100,36000000,76b51c06ddcf937e,41.2
breaker,brk.rv32i.O2.p1s1.t10000.h4,0103,dut,PASS,,20283736,116,0,False,brk,rv32i,-O2,1,1,10000,4,,0,64,20,100,36000000,76b51c06ddcf937e,27.5
breaker,brk.rv32i.O2.p1s1.t10000.h4,0103,golden,PASS,,20283912,116,0,False,brk,rv32i,-O2,1,1,10000,4,,0,64,20,100,36000000,76b51c06ddcf937e,38.2
breaker,brk.rv32i.O2.p1s1.t10000.h4,0104,dut,PASS,,20283350,119,0,False,brk,rv32i,-O2,1,1,10000,4,,0,64,20,100,36000000,76b51c06ddcf937e,30.1
breaker,brk.rv32i.O2.p1s1.t10000.h4,0104,golden,PASS,,20282940,120,0,False,brk,rv32i,-O2,1,1,10000,4,,0,64,20,100,36000000,76b51c06ddcf937e,51.7
breaker,brk.rv32i.O2.p1s1.t10000.h4,0105,dut,PASS,,20282042,116,0,False,brk,rv32i,-O2,1,1,10000,4,,0,64,20,100,36000000,76b51c06ddcf937e,30.2
breaker,brk.rv32i.O2.p1s1.t10000.h4,0105,golden,PASS,,20272718,118,0,False,brk,rv32i,-O2,1,1,10000,4,,0,64,20,100,36000000,76b51c06ddcf937e,43.4
breaker,brk.rv32i.O2.p1s1.t10000.h4,0106,dut,PASS,,20281488,117,0,False,brk,rv32i,-O2,1,1,10000,4,,0,64,20,100,36000000,76b51c06ddcf937e,34.6
breaker,brk.rv32i.O2.p1s1.t10000.h4,0106,golden,PASS,,20282065,117,0,False,brk,rv32i,-O2,1,1,10000,4,,0,64,20,100,36000000,76b51c06ddcf937e,41.8
breaker,brk.rv32i.O2.p1s1.t10000.h4,0107,dut,PASS,,20289248,120,0,False,brk,rv32i,-O2,1,1,10000,4,,0,64,20,100,36000000,76b51c06ddcf937e,27.2
breaker,brk.rv32i.O2.p1s1.t10000.h4,0107,golden,PASS,,20281563,118,0,False,brk,rv32i,-O2,1,1,10000,4,,0,64,20,100,36000000,76b51c06ddcf937e,43.5
breaker,brk.rv32i.O2.p1s1.t10000.h4,0108,dut,PASS,,20282519,121,0,False,brk,rv32i,-O2,1,1,10000,4,,0,64,20,100,36000000,76b51c06ddcf937e,33.8
breaker,brk.rv32i.O2.p1s1.t10000.h4,0108,golden,PASS,,20278379,119,0,False,brk,rv32i,-O2,1,1,10000,4,,0,64,20,100,36000000,76b51c06ddcf937e,41.8
breaker,brk.rv32i.O2.p1s1.t10000.h4.bp1,0101,dut,PASS,,20254177,117,0,False,brk,rv32i,-O2,1,1,10000,4,,1,64,20,100,36000000,e9834c62615acc66,28.5
breaker,brk.rv32i.O2.p1s1.t10000.h4.bp1,0101,golden,PASS,,20284448,118,0,False,brk,rv32i,-O2,1,1,10000,4,,1,64,20,100,36000000,e9834c62615acc66,34.7
breaker,brk.rv32i.O2.p1s1.t10000.h4.bp1,0102,dut,PASS,,20253122,122,0,False,brk,rv32i,-O2,1,1,10000,4,,1,64,20,100,36000000,e9834c62615acc66,33.5
breaker,brk.rv32i.O2.p1s1.t10000.h4.bp1,0102,golden,PASS,,20282316,116,0,False,brk,rv32i,-O2,1,1,10000,4,,1,64,20,100,36000000,e9834c62615acc66,40.2
breaker,brk.rv32i.O2.p1s1.t10000.h4.bp1,0103,dut,PASS,,20242424,117,0,False,brk,rv32i,-O2,1,1,10000,4,,1,64,20,100,36000000,e9834c62615acc66,33.0
breaker,brk.rv32i.O2.p1s1.t10000.h4.bp1,0103,golden,PASS,,20273992,117,0,False,brk,rv32i,-O2,1,1,10000,4,,1,64,20,100,36000000,e9834c62615acc66,34.9
breaker,brk.rv32i.O2.p1s1.t10000.h4.bp1,0104,dut,PASS,,20255259,120,0,False,brk,rv32i,-O2,1,1,10000,4,,1,64,20,100,36000000,e9834c62615acc66,27.2
breaker,brk.rv32i.O2.p1s1.t10000.h4.bp1,0104,golden,PASS,,20282611,120,0,False,brk,rv32i,-O2,1,1,10000,4,,1,64,20,100,36000000,e9834c62615acc66,36.9
breaker,brk.rv32i.O2.p1s1.t10000.h4.bp1,0105,dut,PASS,,20251781,117,0,False,brk,rv32i,-O2,1,1,10000,4,,1,64,20,100,36000000,e9834c62615acc66,25.5
breaker,brk.rv32i.O2.p1s1.t10000.h4.bp1,0105,golden,PASS,,20280934,118,0,False,brk,rv32i,-O2,1,1,10000,4,,1,64,20,100,36000000,e9834c62615acc66,36.3
breaker,brk.rv32i.O2.p1s1.t10000.h4.bp1,0106,dut,PASS,,20261982,118,0,False,brk,rv32i,-O2,1,1,10000,4,,1,64,20,100,36000000,e9834c62615acc66,29.5
breaker,brk.rv32i.O2.p1s1.t10000.h4.bp1,0106,golden,PASS,,20281073,118,0,False,brk,rv32i,-O2,1,1,10000,4,,1,64,20,100,36000000,e9834c62615acc66,38.4
breaker,brk.rv32i.O2.p1s1.t10000.h4.bp1,0107,dut,PASS,,20265373,120,0,False,brk,rv32i,-O2,1,1,10000,4,,1,64,20,100,36000000,e9834c62615acc66,29.5
breaker,brk.rv32i.O2.p1s1.t10000.h4.bp1,0107,golden,PASS,,20284580,120,0,False,brk,rv32i,-O2,1,1,10000,4,,1,64,20,100,36000000,e9834c62615acc66,36.7
breaker,brk.rv32i.O2.p1s1.t10000.h4.bp1,0108,dut,PASS,,20248288,121,0,False,brk,rv32i,-O2,1,1,10000,4,,1,64,20,100,36000000,e9834c62615acc66,33.6
breaker,brk.rv32i.O2.p1s1.t10000.h4.bp1,0108,golden,PASS,,20278660,118,0,False,brk,rv32i,-O2,1,1,10000,4,,1,64,20,100,36000000,e9834c62615acc66,35.1
breaker,brk.rv32i.O2.p1s1.t10000.h4.bp3,0101,dut,PASS,,20249083,118,0,False,brk,rv32i,-O2,1,1,10000,4,,3,64,20,100,36000000,0e255b38f41659f0,35.6
breaker,brk.rv32i.O2.p1s1.t10000.h4.bp3,0101,golden,PASS,,20282684,117,0,False,brk,rv32i,-O2,1,1,10000,4,,3,64,20,100,36000000,0e255b38f41659f0,30.9
breaker,brk.rv32i.O2.p1s1.t10000.h4.bp3,0102,dut,PASS,,20244525,119,0,False,brk,rv32i,-O2,1,1,10000,4,,3,64,20,100,36000000,0e255b38f41659f0,30.5
breaker,brk.rv32i.O2.p1s1.t10000.h4.bp3,0102,golden,PASS,,20274241,117,0,False,brk,rv32i,-O2,1,1,10000,4,,3,64,20,100,36000000,0e255b38f41659f0,31.5
breaker,brk.rv32i.O2.p1s1.t10000.h4.bp3,0103,dut,PASS,,20249408,119,0,False,brk,rv32i,-O2,1,1,10000,4,,3,64,20,100,36000000,0e255b38f41659f0,20.3
breaker,brk.rv32i.O2.p1s1.t10000.h4.bp3,0103,golden,PASS,,20281173,117,0,False,brk,rv32i,-O2,1,1,10000,4,,3,64,20,100,36000000,0e255b38f41659f0,28.3
breaker,brk.rv32i.O2.p1s1.t10000.h4.bp3,0104,dut,PASS,,20247422,120,0,False,brk,rv32i,-O2,1,1,10000,4,,3,64,20,100,36000000,0e255b38f41659f0,35.4
breaker,brk.rv32i.O2.p1s1.t10000.h4.bp3,0104,golden,PASS,,20278809,119,0,False,brk,rv32i,-O2,1,1,10000,4,,3,64,20,100,36000000,0e255b38f41659f0,32.2
breaker,brk.rv32i.O2.p1s1.t10000.h4.bp3,0105,dut,PASS,,20246073,119,0,False,brk,rv32i,-O2,1,1,10000,4,,3,64,20,100,36000000,0e255b38f41659f0,29.4
breaker,brk.rv32i.O2.p1s1.t10000.h4.bp3,0105,golden,PASS,,20280928,116,0,False,brk,rv32i,-O2,1,1,10000,4,,3,64,20,100,36000000,0e255b38f41659f0,33.2
breaker,brk.rv32i.O2.p1s1.t10000.h4.bp3,0106,dut,PASS,,20244965,121,0,False,brk,rv32i,-O2,1,1,10000,4,,3,64,20,100,36000000,0e255b38f41659f0,30.3
breaker,brk.rv32i.O2.p1s1.t10000.h4.bp3,0106,golden,PASS,,20281005,117,0,False,brk,rv32i,-O2,1,1,10000,4,,3,64,20,100,36000000,0e255b38f41659f0,32.6
breaker,brk.rv32i.O2.p1s1.t10000.h4.bp3,0107,dut,PASS,,20250396,122,0,False,brk,rv32i,-O2,1,1,10000,4,,3,64,20,100,36000000,0e255b38f41659f0,26.3
breaker,brk.rv32i.O2.p1s1.t10000.h4.bp3,0107,golden,PASS,,20300428,118,0,False,brk,rv32i,-O2,1,1,10000,4,,3,64,20,100,36000000,0e255b38f41659f0,33.0
breaker,brk.rv32i.O2.p1s1.t10000.h4.bp3,0108,dut,PASS,,20243662,121,0,False,brk,rv32i,-O2,1,1,10000,4,,3,64,20,100,36000000,0e255b38f41659f0,27.8
breaker,brk.rv32i.O2.p1s1.t10000.h4.bp3,0108,golden,PASS,,20277421,118,0,False,brk,rv32i,-O2,1,1,10000,4,,3,64,20,100,36000000,0e255b38f41659f0,31.5
breaker,brk.rv32i.O2.p1s1.t3000.h4,0101,dut,PASS,,18290842,60,0,False,brk,rv32i,-O2,1,1,3000,4,,0,64,9,667,33013500,1a789429fb401be8,23.5
breaker,brk.rv32i.O2.p1s1.t3000.h4,0101,golden,PASS,,18290714,60,0,False,brk,rv32i,-O2,1,1,3000,4,,0,64,9,667,33013500,1a789429fb401be8,39.7
breaker,brk.rv32i.O2.p1s1.t3000.h4,0102,dut,PASS,,18289153,61,0,False,brk,rv32i,-O2,1,1,3000,4,,0,64,9,667,33013500,1a789429fb401be8,32.5
breaker,brk.rv32i.O2.p1s1.t3000.h4,0102,golden,PASS,,18288692,61,0,False,brk,rv32i,-O2,1,1,3000,4,,0,64,9,667,33013500,1a789429fb401be8,39.9
breaker,brk.rv32i.O2.p1s1.t3000.h4,0103,dut,PASS,,18291986,60,0,False,brk,rv32i,-O2,1,1,3000,4,,0,64,9,667,33013500,1a789429fb401be8,25.2
breaker,brk.rv32i.O2.p1s1.t3000.h4,0103,golden,PASS,,18290713,61,0,False,brk,rv32i,-O2,1,1,3000,4,,0,64,9,667,33013500,1a789429fb401be8,44.7
breaker,brk.rv32i.O2.p1s1.t3000.h4,0104,dut,PASS,,18287682,60,0,False,brk,rv32i,-O2,1,1,3000,4,,0,64,9,667,33013500,1a789429fb401be8,24.1
breaker,brk.rv32i.O2.p1s1.t3000.h4,0104,golden,PASS,,18287881,60,0,False,brk,rv32i,-O2,1,1,3000,4,,0,64,9,667,33013500,1a789429fb401be8,44.0
breaker,brk.rv32i.O2.p1s1.t3000.h4,0105,dut,PASS,,18289316,59,0,False,brk,rv32i,-O2,1,1,3000,4,,0,64,9,667,33013500,1a789429fb401be8,24.7
breaker,brk.rv32i.O2.p1s1.t3000.h4,0105,golden,PASS,,18290548,60,0,False,brk,rv32i,-O2,1,1,3000,4,,0,64,9,667,33013500,1a789429fb401be8,36.9
breaker,brk.rv32i.O2.p1s1.t3000.h4,0106,dut,PASS,,18291501,60,0,False,brk,rv32i,-O2,1,1,3000,4,,0,64,9,667,33013500,1a789429fb401be8,28.7
breaker,brk.rv32i.O2.p1s1.t3000.h4,0106,golden,PASS,,18290552,60,0,False,brk,rv32i,-O2,1,1,3000,4,,0,64,9,667,33013500,1a789429fb401be8,43.2
breaker,brk.rv32i.O2.p1s1.t3000.h4,0107,dut,PASS,,18291828,61,0,False,brk,rv32i,-O2,1,1,3000,4,,0,64,9,667,33013500,1a789429fb401be8,31.1
breaker,brk.rv32i.O2.p1s1.t3000.h4,0107,golden,PASS,,18291692,61,0,False,brk,rv32i,-O2,1,1,3000,4,,0,64,9,667,33013500,1a789429fb401be8,42.3
breaker,brk.rv32i.O2.p1s1.t3000.h4,0108,dut,PASS,,18291828,60,0,False,brk,rv32i,-O2,1,1,3000,4,,0,64,9,667,33013500,1a789429fb401be8,31.6
breaker,brk.rv32i.O2.p1s1.t3000.h4,0108,golden,PASS,,18291696,61,0,False,brk,rv32i,-O2,1,1,3000,4,,0,64,9,667,33013500,1a789429fb401be8,38.1
breaker,brk.rv32i.Os.p1s0.t5000.h4,0101,dut,PASS,,20284912,68,0,False,brk,rv32i,-Os,1,0,5000,4,,0,64,10,400,36000000,c5c71257bb4a8f50,35.6
breaker,brk.rv32i.Os.p1s0.t5000.h4,0101,golden,PASS,,20285258,66,0,False,brk,rv32i,-Os,1,0,5000,4,,0,64,10,400,36000000,c5c71257bb4a8f50,45.5
breaker,brk.rv32i.Os.p1s0.t5000.h4,0102,dut,PASS,,20335572,67,0,False,brk,rv32i,-Os,1,0,5000,4,,0,64,10,400,36000000,c5c71257bb4a8f50,28.7
breaker,brk.rv32i.Os.p1s0.t5000.h4,0102,golden,PASS,,20336261,67,0,False,brk,rv32i,-Os,1,0,5000,4,,0,64,10,400,36000000,c5c71257bb4a8f50,48.9
breaker,brk.rv32i.Os.p1s0.t5000.h4,0103,dut,PASS,,20287365,67,0,False,brk,rv32i,-Os,1,0,5000,4,,0,64,10,400,36000000,c5c71257bb4a8f50,26.5
breaker,brk.rv32i.Os.p1s0.t5000.h4,0103,golden,PASS,,20286193,67,0,False,brk,rv32i,-Os,1,0,5000,4,,0,64,10,400,36000000,c5c71257bb4a8f50,43.7
breaker,brk.rv32i.Os.p1s0.t5000.h4,0104,dut,PASS,,20286329,67,0,False,brk,rv32i,-Os,1,0,5000,4,,0,64,10,400,36000000,c5c71257bb4a8f50,25.2
breaker,brk.rv32i.Os.p1s0.t5000.h4,0104,golden,PASS,,20286344,68,0,False,brk,rv32i,-Os,1,0,5000,4,,0,64,10,400,36000000,c5c71257bb4a8f50,1504.8
breaker,brk.rv32i.Os.p1s0.t5000.h4,0105,dut,PASS,,20285234,67,0,False,brk,rv32i,-Os,1,0,5000,4,,0,64,10,400,36000000,c5c71257bb4a8f50,28.4
breaker,brk.rv32i.Os.p1s0.t5000.h4,0105,golden,PASS,,20286456,67,0,False,brk,rv32i,-Os,1,0,5000,4,,0,64,10,400,36000000,c5c71257bb4a8f50,42.2
breaker,brk.rv32i.Os.p1s0.t5000.h4,0106,dut,PASS,,20294586,68,0,False,brk,rv32i,-Os,1,0,5000,4,,0,64,10,400,36000000,c5c71257bb4a8f50,28.3
breaker,brk.rv32i.Os.p1s0.t5000.h4,0106,golden,PASS,,20285059,66,0,False,brk,rv32i,-Os,1,0,5000,4,,0,64,10,400,36000000,c5c71257bb4a8f50,40.3
breaker,brk.rv32i.Os.p1s0.t5000.h4,0107,dut,PASS,,20284419,67,0,False,brk,rv32i,-Os,1,0,5000,4,,0,64,10,400,36000000,c5c71257bb4a8f50,33.9
breaker,brk.rv32i.Os.p1s0.t5000.h4,0107,golden,PASS,,20287508,67,0,False,brk,rv32i,-Os,1,0,5000,4,,0,64,10,400,36000000,c5c71257bb4a8f50,43.9
breaker,brk.rv32i.Os.p1s0.t5000.h4,0108,dut,PASS,,20285075,66,0,False,brk,rv32i,-Os,1,0,5000,4,,0,64,10,400,36000000,c5c71257bb4a8f50,26.3
breaker,brk.rv32i.Os.p1s0.t5000.h4,0108,golden,PASS,,20285072,67,0,False,brk,rv32i,-Os,1,0,5000,4,,0,64,10,400,36000000,c5c71257bb4a8f50,1494.8
breaker,brk.rv32i.Os.p1s0.t5000.h4.bp2,0101,dut,PASS,,20254195,67,0,False,brk,rv32i,-Os,1,0,5000,4,,2,64,10,400,36000000,fa456d7590e2ef53,21.8
breaker,brk.rv32i.Os.p1s0.t5000.h4.bp2,0101,golden,PASS,,20285061,67,0,False,brk,rv32i,-Os,1,0,5000,4,,2,64,10,400,36000000,fa456d7590e2ef53,37.4
breaker,brk.rv32i.Os.p1s0.t5000.h4.bp2,0102,dut,PASS,,20296948,66,0,False,brk,rv32i,-Os,1,0,5000,4,,2,64,10,400,36000000,fa456d7590e2ef53,39.1
breaker,brk.rv32i.Os.p1s0.t5000.h4.bp2,0102,golden,PASS,,20335420,67,0,False,brk,rv32i,-Os,1,0,5000,4,,2,64,10,400,36000000,fa456d7590e2ef53,29.0
breaker,brk.rv32i.Os.p1s0.t5000.h4.bp2,0103,dut,PASS,,20255524,67,0,False,brk,rv32i,-Os,1,0,5000,4,,2,64,10,400,36000000,fa456d7590e2ef53,27.2
breaker,brk.rv32i.Os.p1s0.t5000.h4.bp2,0103,golden,PASS,,20286257,67,0,False,brk,rv32i,-Os,1,0,5000,4,,2,64,10,400,36000000,fa456d7590e2ef53,36.7
breaker,brk.rv32i.Os.p1s0.t5000.h4.bp2,0104,dut,PASS,,20253296,68,0,False,brk,rv32i,-Os,1,0,5000,4,,2,64,10,400,36000000,fa456d7590e2ef53,28.3
breaker,brk.rv32i.Os.p1s0.t5000.h4.bp2,0104,golden,PASS,,20284895,66,0,False,brk,rv32i,-Os,1,0,5000,4,,2,64,10,400,36000000,fa456d7590e2ef53,36.8
breaker,brk.rv32i.Os.p1s0.t5000.h4.bp2,0105,dut,PASS,,20254886,67,0,False,brk,rv32i,-Os,1,0,5000,4,,2,64,10,400,36000000,fa456d7590e2ef53,35.0
breaker,brk.rv32i.Os.p1s0.t5000.h4.bp2,0105,golden,PASS,,20289409,67,0,False,brk,rv32i,-Os,1,0,5000,4,,2,64,10,400,36000000,fa456d7590e2ef53,40.8
breaker,brk.rv32i.Os.p1s0.t5000.h4.bp2,0106,dut,PASS,,20253218,66,0,False,brk,rv32i,-Os,1,0,5000,4,,2,64,10,400,36000000,fa456d7590e2ef53,27.4
breaker,brk.rv32i.Os.p1s0.t5000.h4.bp2,0106,golden,PASS,,20285221,67,0,False,brk,rv32i,-Os,1,0,5000,4,,2,64,10,400,36000000,fa456d7590e2ef53,43.1
breaker,brk.rv32i.Os.p1s0.t5000.h4.bp2,0107,dut,PASS,,20255426,68,0,False,brk,rv32i,-Os,1,0,5000,4,,2,64,10,400,36000000,fa456d7590e2ef53,29.0
breaker,brk.rv32i.Os.p1s0.t5000.h4.bp2,0107,golden,PASS,,20289343,67,0,False,brk,rv32i,-Os,1,0,5000,4,,2,64,10,400,36000000,fa456d7590e2ef53,48.0
breaker,brk.rv32i.Os.p1s0.t5000.h4.bp2,0108,dut,PASS,,20253221,67,0,False,brk,rv32i,-Os,1,0,5000,4,,2,64,10,400,36000000,fa456d7590e2ef53,25.2
breaker,brk.rv32i.Os.p1s0.t5000.h4.bp2,0108,golden,PASS,,20285075,67,0,False,brk,rv32i,-Os,1,0,5000,4,,2,64,10,400,36000000,fa456d7590e2ef53,39.8
breaker,brk.rv32i.Os.p1s1.t50000.h4,0101,dut,PASS,,20283563,115,0,False,brk,rv32i,-Os,1,1,50000,4,,0,64,20,20,36000000,e20e64baa753877f,34.7
breaker,brk.rv32i.Os.p1s1.t50000.h4,0101,golden,PASS,,20285953,115,0,False,brk,rv32i,-Os,1,1,50000,4,,0,64,20,20,36000000,e20e64baa753877f,1488.6
breaker,brk.rv32i.Os.p1s1.t50000.h4,0102,dut,PASS,,20284604,119,0,False,brk,rv32i,-Os,1,1,50000,4,,0,64,20,20,36000000,e20e64baa753877f,34.3
breaker,brk.rv32i.Os.p1s1.t50000.h4,0102,golden,PASS,,20238212,117,0,False,brk,rv32i,-Os,1,1,50000,4,,0,64,20,20,36000000,e20e64baa753877f,1486.3
breaker,brk.rv32i.Os.p1s1.t50000.h4,0103,dut,PASS,,20282219,116,0,False,brk,rv32i,-Os,1,1,50000,4,,0,64,20,20,36000000,e20e64baa753877f,27.3
breaker,brk.rv32i.Os.p1s1.t50000.h4,0103,golden,PASS,,20282369,117,0,False,brk,rv32i,-Os,1,1,50000,4,,0,64,20,20,36000000,e20e64baa753877f,32.9
breaker,brk.rv32i.Os.p1s1.t50000.h4,0104,dut,PASS,,20283694,117,0,False,brk,rv32i,-Os,1,1,50000,4,,0,64,20,20,36000000,e20e64baa753877f,28.7
breaker,brk.rv32i.Os.p1s1.t50000.h4,0104,golden,PASS,,20284409,118,0,False,brk,rv32i,-Os,1,1,50000,4,,0,64,20,20,36000000,e20e64baa753877f,30.2
breaker,brk.rv32i.Os.p1s1.t50000.h4,0105,dut,PASS,,20281622,113,0,False,brk,rv32i,-Os,1,1,50000,4,,0,64,20,20,36000000,e20e64baa753877f,28.3
breaker,brk.rv32i.Os.p1s1.t50000.h4,0105,golden,PASS,,20281918,116,0,False,brk,rv32i,-Os,1,1,50000,4,,0,64,20,20,36000000,e20e64baa753877f,31.8
breaker,brk.rv32i.Os.p1s1.t50000.h4,0106,dut,PASS,,20290684,113,0,False,brk,rv32i,-Os,1,1,50000,4,,0,64,20,20,36000000,e20e64baa753877f,31.6
breaker,brk.rv32i.Os.p1s1.t50000.h4,0106,golden,PASS,,20309141,116,0,False,brk,rv32i,-Os,1,1,50000,4,,0,64,20,20,36000000,e20e64baa753877f,32.9
breaker,brk.rv32i.Os.p1s1.t50000.h4,0107,dut,PASS,,20282258,119,0,False,brk,rv32i,-Os,1,1,50000,4,,0,64,20,20,36000000,e20e64baa753877f,25.0
breaker,brk.rv32i.Os.p1s1.t50000.h4,0107,golden,PASS,,20282018,118,0,False,brk,rv32i,-Os,1,1,50000,4,,0,64,20,20,36000000,e20e64baa753877f,33.1
breaker,brk.rv32i.Os.p1s1.t50000.h4,0108,dut,PASS,,20283154,119,0,False,brk,rv32i,-Os,1,1,50000,4,,0,64,20,20,36000000,e20e64baa753877f,30.9
breaker,brk.rv32i.Os.p1s1.t50000.h4,0108,golden,PASS,,20280817,116,0,False,brk,rv32i,-Os,1,1,50000,4,,0,64,20,20,36000000,e20e64baa753877f,32.0
breaker,brk.rv32im.O0.p1s1.t10000.h4,0101,dut,PASS,,20405032,105,0,False,brk,rv32im,-O0,1,1,10000,4,,0,256,8,250,42000000,2c78ad35e14011bc,29.4
breaker,brk.rv32im.O0.p1s1.t10000.h4,0102,dut,PASS,,20404478,101,0,False,brk,rv32im,-O0,1,1,10000,4,,0,256,8,250,42000000,2c78ad35e14011bc,31.4
breaker,brk.rv32im.O0.p1s1.t10000.h4,0103,dut,PASS,,20407605,103,0,False,brk,rv32im,-O0,1,1,10000,4,,0,256,8,250,42000000,2c78ad35e14011bc,35.4
breaker,brk.rv32im.O0.p1s1.t10000.h4,0104,dut,PASS,,20403483,105,0,False,brk,rv32im,-O0,1,1,10000,4,,0,256,8,250,42000000,2c78ad35e14011bc,41.3
breaker,brk.rv32im.O0.p1s1.t10000.h4,0105,dut,PASS,,20407191,102,0,False,brk,rv32im,-O0,1,1,10000,4,,0,256,8,250,42000000,2c78ad35e14011bc,34.0
breaker,brk.rv32im.O0.p1s1.t10000.h4,0106,dut,PASS,,20410282,106,0,False,brk,rv32im,-O0,1,1,10000,4,,0,256,8,250,42000000,2c78ad35e14011bc,31.7
breaker,brk.rv32im.O0.p1s1.t10000.h4,0107,dut,PASS,,20402664,107,0,False,brk,rv32im,-O0,1,1,10000,4,,0,256,8,250,42000000,2c78ad35e14011bc,26.9
breaker,brk.rv32im.O0.p1s1.t10000.h4,0108,dut,PASS,,20405732,104,0,False,brk,rv32im,-O0,1,1,10000,4,,0,256,8,250,42000000,2c78ad35e14011bc,31.3
breaker,brk.rv32im.O2.p1s1.t10000.h4,0101,dut,PASS,,20272898,121,0,False,brk,rv32im,-O2,1,1,10000,4,,0,64,20,100,36000000,a65f03b311166394,37.8
breaker,brk.rv32im.O2.p1s1.t10000.h4,0102,dut,PASS,,20270822,120,0,False,brk,rv32im,-O2,1,1,10000,4,,0,64,20,100,36000000,a65f03b311166394,31.0
breaker,brk.rv32im.O2.p1s1.t10000.h4,0103,dut,PASS,,20273126,118,0,False,brk,rv32im,-O2,1,1,10000,4,,0,64,20,100,36000000,a65f03b311166394,29.8
breaker,brk.rv32im.O2.p1s1.t10000.h4,0104,dut,PASS,,20271885,120,0,False,brk,rv32im,-O2,1,1,10000,4,,0,64,20,100,36000000,a65f03b311166394,34.1
breaker,brk.rv32im.O2.p1s1.t10000.h4,0105,dut,PASS,,20271869,119,0,False,brk,rv32im,-O2,1,1,10000,4,,0,64,20,100,36000000,a65f03b311166394,28.6
breaker,brk.rv32im.O2.p1s1.t10000.h4,0106,dut,PASS,,20271886,120,0,False,brk,rv32im,-O2,1,1,10000,4,,0,64,20,100,36000000,a65f03b311166394,31.0
breaker,brk.rv32im.O2.p1s1.t10000.h4,0107,dut,PASS,,20270028,120,0,False,brk,rv32im,-O2,1,1,10000,4,,0,64,20,100,36000000,a65f03b311166394,30.5
breaker,brk.rv32im.O2.p1s1.t10000.h4,0108,dut,PASS,,20270614,121,0,False,brk,rv32im,-O2,1,1,10000,4,,0,64,20,100,36000000,a65f03b311166394,29.0
breaker,brk.rv32im.O2.p1s1.t1500.h4,0101,dut,PASS,,16274968,28,0,False,brk,rv32im,-O2,1,1,1500,4,,0,64,4,2667,30003000,1b4189ac7db0f637,24.4
breaker,brk.rv32im.O2.p1s1.t1500.h4,0102,dut,PASS,,16277531,28,0,False,brk,rv32im,-O2,1,1,1500,4,,0,64,4,2667,30003000,1b4189ac7db0f637,22.7
breaker,brk.rv32im.O2.p1s1.t1500.h4,0103,dut,PASS,,16277595,28,0,False,brk,rv32im,-O2,1,1,1500,4,,0,64,4,2667,30003000,1b4189ac7db0f637,21.7
breaker,brk.rv32im.O2.p1s1.t1500.h4,0104,dut,PASS,,16274610,28,0,False,brk,rv32im,-O2,1,1,1500,4,,0,64,4,2667,30003000,1b4189ac7db0f637,21.1
breaker,brk.rv32im.O2.p1s1.t1500.h4,0105,dut,PASS,,16276830,28,0,False,brk,rv32im,-O2,1,1,1500,4,,0,64,4,2667,30003000,1b4189ac7db0f637,23.8
breaker,brk.rv32im.O2.p1s1.t1500.h4,0106,dut,PASS,,16275337,27,0,False,brk,rv32im,-O2,1,1,1500,4,,0,64,4,2667,30003000,1b4189ac7db0f637,20.0
breaker,brk.rv32im.O2.p1s1.t1500.h4,0107,dut,PASS,,16276031,27,0,False,brk,rv32im,-O2,1,1,1500,4,,0,64,4,2667,30003000,1b4189ac7db0f637,21.8
breaker,brk.rv32im.O2.p1s1.t1500.h4,0108,dut,PASS,,16274531,27,0,False,brk,rv32im,-O2,1,1,1500,4,,0,64,4,2667,30003000,1b4189ac7db0f637,22.4
breaker,brk.rv32im_zba.Os.p1s0.t5000.h4,0101,dut,PASS,,20277591,67,0,False,brk,rv32im_zba,-Os,1,0,5000,4,,0,64,10,400,36000000,fdd65b9ee34ee959,30.0
breaker,brk.rv32im_zba.Os.p1s0.t5000.h4,0102,dut,PASS,,20277598,66,0,False,brk,rv32im_zba,-Os,1,0,5000,4,,0,64,10,400,36000000,fdd65b9ee34ee959,26.5
breaker,brk.rv32im_zba.Os.p1s0.t5000.h4,0103,dut,PASS,,20277843,66,0,False,brk,rv32im_zba,-Os,1,0,5000,4,,0,64,10,400,36000000,fdd65b9ee34ee959,32.6
breaker,brk.rv32im_zba.Os.p1s0.t5000.h4,0104,dut,PASS,,20277373,67,0,False,brk,rv32im_zba,-Os,1,0,5000,4,,0,64,10,400,36000000,fdd65b9ee34ee959,27.7
breaker,brk.rv32im_zba.Os.p1s0.t5000.h4,0105,dut,PASS,,20277642,67,0,False,brk,rv32im_zba,-Os,1,0,5000,4,,0,64,10,400,36000000,fdd65b9ee34ee959,27.4
breaker,brk.rv32im_zba.Os.p1s0.t5000.h4,0106,dut,PASS,,20278185,66,0,False,brk,rv32im_zba,-Os,1,0,5000,4,,0,64,10,400,36000000,fdd65b9ee34ee959,29.1
breaker,brk.rv32im_zba.Os.p1s0.t5000.h4,0107,dut,PASS,,20276900,67,0,False,brk,rv32im_zba,-Os,1,0,5000,4,,0,64,10,400,36000000,fdd65b9ee34ee959,27.2
breaker,brk.rv32im_zba.Os.p1s0.t5000.h4,0108,dut,PASS,,20278089,68,0,False,brk,rv32im_zba,-Os,1,0,5000,4,,0,64,10,400,36000000,fdd65b9ee34ee959,29.5
breaker-long,brk.bpdyn.rv32i.O2.p1s1.t10000.h4.bp3,0301,dut,PASS,,100259005,528,0,False,brk,rv32i,-O2,1,1,10000,4,bpdyn,3,64,100,100,156000000,cc0942c3aaaf463a,128.3
breaker-long,brk.bpdyn.rv32i.O2.p1s1.t10000.h4.bp3,0301,golden,PASS,,100294306,513,0,False,brk,rv32i,-O2,1,1,10000,4,bpdyn,3,64,100,100,156000000,cc0942c3aaaf463a,226.4
breaker-long,brk.bpdyn.rv32i.O2.p1s1.t10000.h4.bp3,0302,dut,PASS,,100331784,526,0,False,brk,rv32i,-O2,1,1,10000,4,bpdyn,3,64,100,100,156000000,cc0942c3aaaf463a,137.7
breaker-long,brk.bpdyn.rv32i.O2.p1s1.t10000.h4.bp3,0302,golden,PASS,,100353110,510,0,False,brk,rv32i,-O2,1,1,10000,4,bpdyn,3,64,100,100,156000000,cc0942c3aaaf463a,227.6
breaker-long,brk.bpdyn.rv32i.O2.p1s1.t10000.h4.bp3,0303,dut,PASS,,100306428,526,0,False,brk,rv32i,-O2,1,1,10000,4,bpdyn,3,64,100,100,156000000,cc0942c3aaaf463a,133.6
breaker-long,brk.bpdyn.rv32i.O2.p1s1.t10000.h4.bp3,0303,golden,PASS,,100368205,513,0,False,brk,rv32i,-O2,1,1,10000,4,bpdyn,3,64,100,100,156000000,cc0942c3aaaf463a,208.6
breaker-long,brk.rv32i.O2.p1s1.t10000.h4,0301,dut,PASS,,100288612,587,0,False,brk,rv32i,-O2,1,1,10000,4,,0,64,100,100,156000000,3a47129d1065d221,133.8
breaker-long,brk.rv32i.O2.p1s1.t10000.h4,0301,golden,PASS,,100297014,590,0,False,brk,rv32i,-O2,1,1,10000,4,,0,64,100,100,156000000,3a47129d1065d221,236.0
breaker-long,brk.rv32i.O2.p1s1.t10000.h4,0302,dut,PASS,,100287923,593,0,False,brk,rv32i,-O2,1,1,10000,4,,0,64,100,100,156000000,3a47129d1065d221,119.5
breaker-long,brk.rv32i.O2.p1s1.t10000.h4,0302,golden,PASS,,100286585,587,0,False,brk,rv32i,-O2,1,1,10000,4,,0,64,100,100,156000000,3a47129d1065d221,203.8
breaker-long,brk.rv32i.O2.p1s1.t10000.h4,0303,dut,PASS,,100289921,593,0,False,brk,rv32i,-O2,1,1,10000,4,,0,64,100,100,156000000,3a47129d1065d221,132.5
breaker-long,brk.rv32i.O2.p1s1.t10000.h4,0303,golden,PASS,,100290472,592,0,False,brk,rv32i,-O2,1,1,10000,4,,0,64,100,100,156000000,3a47129d1065d221,205.0
breaker-long,brk.rv32i.Os.p1s0.t5000.h4,0301,dut,PASS,,100305234,334,0,False,brk,rv32i,-Os,1,0,5000,4,,0,64,50,400,156000000,d88509eb5874b9b6,115.1
breaker-long,brk.rv32i.Os.p1s0.t5000.h4,0301,golden,PASS,,100291180,334,0,False,brk,rv32i,-Os,1,0,5000,4,,0,64,50,400,156000000,d88509eb5874b9b6,200.7
breaker-long,brk.rv32i.Os.p1s0.t5000.h4,0302,dut,PASS,,100292528,335,0,False,brk,rv32i,-Os,1,0,5000,4,,0,64,50,400,156000000,d88509eb5874b9b6,126.5
breaker-long,brk.rv32i.Os.p1s0.t5000.h4,0302,golden,PASS,,100291285,335,0,False,brk,rv32i,-Os,1,0,5000,4,,0,64,50,400,156000000,d88509eb5874b9b6,227.2
breaker-long,brk.rv32i.Os.p1s0.t5000.h4,0303,dut,PASS,,100293925,332,0,False,brk,rv32i,-Os,1,0,5000,4,,0,64,50,400,156000000,d88509eb5874b9b6,129.6
breaker-long,brk.rv32i.Os.p1s0.t5000.h4,0303,golden,PASS,,100288907,335,0,False,brk,rv32i,-Os,1,0,5000,4,,0,64,50,400,156000000,d88509eb5874b9b6,212.8
breaker-long,brk.rv32im.O2.p1s1.t10000.h4,0301,dut,PASS,,100276089,602,0,False,brk,rv32im,-O2,1,1,10000,4,,0,64,100,100,156000000,3bfb4a41ad5126fd,130.7
breaker-long,brk.rv32im.O2.p1s1.t10000.h4,0302,dut,PASS,,100276416,605,0,False,brk,rv32im,-O2,1,1,10000,4,,0,64,100,100,156000000,3bfb4a41ad5126fd,122.4
breaker-long,brk.rv32im.O2.p1s1.t10000.h4,0303,dut,PASS,,100275640,602,0,False,brk,rv32im,-O2,1,1,10000,4,,0,64,100,100,156000000,3bfb4a41ad5126fd,134.6
breaker-long,stress.rv32i.O2.p1s1.t10000.h4,0301,dut,PASS,,100164806,1007,0,False,stress,rv32i,-O2,1,1,10000,4,,0,32,250,40,153000000,38f0d8e8975e9a97,149.9
breaker-long,stress.rv32i.O2.p1s1.t10000.h4,0301,golden,PASS,,100165780,1005,0,False,stress,rv32i,-O2,1,1,10000,4,,0,32,250,40,153000000,38f0d8e8975e9a97,230.5
breaker-long,stress.rv32i.O2.p1s1.t10000.h4,0302,dut,PASS,,100166428,1004,0,False,stress,rv32i,-O2,1,1,10000,4,,0,32,250,40,153000000,38f0d8e8975e9a97,149.4
breaker-long,stress.rv32i.O2.p1s1.t10000.h4,0302,golden,PASS,,100163621,1008,0,False,stress,rv32i,-O2,1,1,10000,4,,0,32,250,40,153000000,38f0d8e8975e9a97,221.3
breaker-long,stress.rv32i.O2.p1s1.t10000.h4,0303,dut,PASS,,100165575,995,0,False,stress,rv32i,-O2,1,1,10000,4,,0,32,250,40,153000000,38f0d8e8975e9a97,136.2
breaker-long,stress.rv32i.O2.p1s1.t10000.h4,0303,golden,PASS,,100165738,993,0,False,stress,rv32i,-O2,1,1,10000,4,,0,32,250,40,153000000,38f0d8e8975e9a97,222.9
breaker-long,stress.rv32i.O2.p1s1.t10000.h4.bp3,0301,dut,PASS,,100154923,1015,0,False,stress,rv32i,-O2,1,1,10000,4,,3,32,250,40,153000000,aedaa5808de19ae0,151.2
breaker-long,stress.rv32i.O2.p1s1.t10000.h4.bp3,0301,golden,PASS,,100165782,1005,0,False,stress,rv32i,-O2,1,1,10000,4,,3,32,250,40,153000000,aedaa5808de19ae0,221.3
breaker-long,stress.rv32i.O2.p1s1.t10000.h4.bp3,0302,dut,PASS,,100146962,1014,0,False,stress,rv32i,-O2,1,1,10000,4,,3,32,250,40,153000000,aedaa5808de19ae0,141.3
breaker-long,stress.rv32i.O2.p1s1.t10000.h4.bp3,0302,golden,PASS,,100163623,1008,0,False,stress,rv32i,-O2,1,1,10000,4,,3,32,250,40,153000000,aedaa5808de19ae0,257.9
breaker-long,stress.rv32i.O2.p1s1.t10000.h4.bp3,0303,dut,PASS,,100146418,999,0,False,stress,rv32i,-O2,1,1,10000,4,,3,32,250,40,153000000,aedaa5808de19ae0,146.2
breaker-long,stress.rv32i.O2.p1s1.t10000.h4.bp3,0303,golden,PASS,,100165740,993,0,False,stress,rv32i,-O2,1,1,10000,4,,3,32,250,40,153000000,aedaa5808de19ae0,224.5
breaker2,brk.storm.rv32i.O0.p1s1.t10000.h4,0401,dut,PASS,,20404143,101,0,False,brk,rv32i,-O0,1,1,10000,4,storm,0,256,8,250,42000000,93a58d7195b0ed3d,32.8
breaker2,brk.storm.rv32i.O0.p1s1.t10000.h4,0401,golden,PASS,,20413158,105,0,False,brk,rv32i,-O0,1,1,10000,4,storm,0,256,8,250,42000000,93a58d7195b0ed3d,41.8
breaker2,brk.storm.rv32i.O0.p1s1.t10000.h4,0402,dut,PASS,,20414625,104,0,False,brk,rv32i,-O0,1,1,10000,4,storm,0,256,8,250,42000000,93a58d7195b0ed3d,31.6
breaker2,brk.storm.rv32i.O0.p1s1.t10000.h4,0402,golden,PASS,,20417654,103,0,False,brk,rv32i,-O0,1,1,10000,4,storm,0,256,8,250,42000000,93a58d7195b0ed3d,37.3
breaker2,brk.storm.rv32i.O0.p1s1.t10000.h4,0403,dut,PASS,,20411419,88,0,False,brk,rv32i,-O0,1,1,10000,4,storm,0,256,8,250,42000000,93a58d7195b0ed3d,28.4
breaker2,brk.storm.rv32i.O0.p1s1.t10000.h4,0403,golden,PASS,,20413645,87,0,False,brk,rv32i,-O0,1,1,10000,4,storm,0,256,8,250,42000000,93a58d7195b0ed3d,43.3
breaker2,brk.storm.rv32i.O0.p1s1.t10000.h4,0404,dut,PASS,,20413513,90,0,False,brk,rv32i,-O0,1,1,10000,4,storm,0,256,8,250,42000000,93a58d7195b0ed3d,34.1
breaker2,brk.storm.rv32i.O0.p1s1.t10000.h4,0404,golden,PASS,,20418265,88,0,False,brk,rv32i,-O0,1,1,10000,4,storm,0,256,8,250,42000000,93a58d7195b0ed3d,42.1
breaker2,brk.storm.rv32i.O0.p1s1.t10000.h4,0405,dut,PASS,,20443191,92,0,False,brk,rv32i,-O0,1,1,10000,4,storm,0,256,8,250,42000000,93a58d7195b0ed3d,39.9
breaker2,brk.storm.rv32i.O0.p1s1.t10000.h4,0405,golden,PASS,,20412283,90,0,False,brk,rv32i,-O0,1,1,10000,4,storm,0,256,8,250,42000000,93a58d7195b0ed3d,39.3
breaker2,brk.storm.rv32i.O0.p1s1.t10000.h4,0406,dut,PASS,,20410603,85,0,False,brk,rv32i,-O0,1,1,10000,4,storm,0,256,8,250,42000000,93a58d7195b0ed3d,29.5
breaker2,brk.storm.rv32i.O0.p1s1.t10000.h4,0406,golden,PASS,,20411452,82,0,False,brk,rv32i,-O0,1,1,10000,4,storm,0,256,8,250,42000000,93a58d7195b0ed3d,39.7
breaker2,brk.storm.rv32i.O0.p1s1.t10000.h4,0407,dut,PASS,,20412612,91,0,False,brk,rv32i,-O0,1,1,10000,4,storm,0,256,8,250,42000000,93a58d7195b0ed3d,30.9
breaker2,brk.storm.rv32i.O0.p1s1.t10000.h4,0407,golden,PASS,,20412437,90,0,False,brk,rv32i,-O0,1,1,10000,4,storm,0,256,8,250,42000000,93a58d7195b0ed3d,59.2
breaker2,brk.storm.rv32i.O0.p1s1.t10000.h4,0408,dut,PASS,,20418037,104,0,False,brk,rv32i,-O0,1,1,10000,4,storm,0,256,8,250,42000000,93a58d7195b0ed3d,32.3
breaker2,brk.storm.rv32i.O0.p1s1.t10000.h4,0408,golden,PASS,,20417265,103,0,False,brk,rv32i,-O0,1,1,10000,4,storm,0,256,8,250,42000000,93a58d7195b0ed3d,34.1
breaker2,brk.storm.rv32i.O2.p0s1.t10000.h4,0401,dut,PASS,,20256738,131,0,False,brk,rv32i,-O2,0,1,10000,4,storm,0,64,20,100,36000000,d1ca94ed14ea8ffc,27.7
breaker2,brk.storm.rv32i.O2.p0s1.t10000.h4,0401,golden,PASS,,20261542,130,0,False,brk,rv32i,-O2,0,1,10000,4,storm,0,64,20,100,36000000,d1ca94ed14ea8ffc,47.9
breaker2,brk.storm.rv32i.O2.p0s1.t10000.h4,0402,dut,PASS,,20248848,131,0,False,brk,rv32i,-O2,0,1,10000,4,storm,0,64,20,100,36000000,d1ca94ed14ea8ffc,32.2
breaker2,brk.storm.rv32i.O2.p0s1.t10000.h4,0402,golden,PASS,,20256974,131,0,False,brk,rv32i,-O2,0,1,10000,4,storm,0,64,20,100,36000000,d1ca94ed14ea8ffc,31.2
breaker2,brk.storm.rv32i.O2.p0s1.t10000.h4,0403,dut,PASS,,20311562,116,0,False,brk,rv32i,-O2,0,1,10000,4,storm,0,64,20,100,36000000,d1ca94ed14ea8ffc,31.0
breaker2,brk.storm.rv32i.O2.p0s1.t10000.h4,0403,golden,PASS,,20286950,117,0,False,brk,rv32i,-O2,0,1,10000,4,storm,0,64,20,100,36000000,d1ca94ed14ea8ffc,38.7
breaker2,brk.storm.rv32i.O2.p0s1.t10000.h4,0404,dut,PASS,,20306424,121,0,False,brk,rv32i,-O2,0,1,10000,4,storm,0,64,20,100,36000000,d1ca94ed14ea8ffc,30.9
breaker2,brk.storm.rv32i.O2.p0s1.t10000.h4,0404,golden,PASS,,20278225,120,0,False,brk,rv32i,-O2,0,1,10000,4,storm,0,64,20,100,36000000,d1ca94ed14ea8ffc,39.9
breaker2,brk.storm.rv32i.O2.p0s1.t10000.h4,0405,dut,PASS,,20271332,116,0,False,brk,rv32i,-O2,0,1,10000,4,storm,0,64,20,100,36000000,d1ca94ed14ea8ffc,27.8
breaker2,brk.storm.rv32i.O2.p0s1.t10000.h4,0405,golden,PASS,,20279294,118,0,False,brk,rv32i,-O2,0,1,10000,4,storm,0,64,20,100,36000000,d1ca94ed14ea8ffc,38.5
breaker2,brk.storm.rv32i.O2.p0s1.t10000.h4,0406,dut,PASS,,20251687,121,0,False,brk,rv32i,-O2,0,1,10000,4,storm,0,64,20,100,36000000,d1ca94ed14ea8ffc,29.2
breaker2,brk.storm.rv32i.O2.p0s1.t10000.h4,0406,golden,PASS,,20246055,121,0,False,brk,rv32i,-O2,0,1,10000,4,storm,0,64,20,100,36000000,d1ca94ed14ea8ffc,38.0
breaker2,brk.storm.rv32i.O2.p0s1.t10000.h4,0407,dut,PASS,,20278900,120,0,False,brk,rv32i,-O2,0,1,10000,4,storm,0,64,20,100,36000000,d1ca94ed14ea8ffc,27.0
breaker2,brk.storm.rv32i.O2.p0s1.t10000.h4,0407,golden,PASS,,20301933,119,0,False,brk,rv32i,-O2,0,1,10000,4,storm,0,64,20,100,36000000,d1ca94ed14ea8ffc,37.6
breaker2,brk.storm.rv32i.O2.p0s1.t10000.h4,0408,dut,PASS,,20256438,132,0,False,brk,rv32i,-O2,0,1,10000,4,storm,0,64,20,100,36000000,d1ca94ed14ea8ffc,39.3
breaker2,brk.storm.rv32i.O2.p0s1.t10000.h4,0408,golden,PASS,,20255367,131,0,False,brk,rv32i,-O2,0,1,10000,4,storm,0,64,20,100,36000000,d1ca94ed14ea8ffc,36.3
breaker2,brk.storm.rv32i.O2.p1s1.t10000.h4,0401,dut,PASS,,20282461,116,0,False,brk,rv32i,-O2,1,1,10000,4,storm,0,64,20,100,36000000,ecf392d9100f3ea5,33.1
breaker2,brk.storm.rv32i.O2.p1s1.t10000.h4,0401,golden,PASS,,20285581,118,0,False,brk,rv32i,-O2,1,1,10000,4,storm,0,64,20,100,36000000,ecf392d9100f3ea5,33.1
breaker2,brk.storm.rv32i.O2.p1s1.t10000.h4,0402,dut,PASS,,20283802,117,0,False,brk,rv32i,-O2,1,1,10000,4,storm,0,64,20,100,36000000,ecf392d9100f3ea5,26.1
breaker2,brk.storm.rv32i.O2.p1s1.t10000.h4,0402,golden,PASS,,20286289,118,0,False,brk,rv32i,-O2,1,1,10000,4,storm,0,64,20,100,36000000,ecf392d9100f3ea5,36.7
breaker2,brk.storm.rv32i.O2.p1s1.t10000.h4,0403,dut,PASS,,20315526,102,0,False,brk,rv32i,-O2,1,1,10000,4,storm,0,64,20,100,36000000,ecf392d9100f3ea5,33.7
breaker2,brk.storm.rv32i.O2.p1s1.t10000.h4,0403,golden,PASS,,20365550,95,0,False,brk,rv32i,-O2,1,1,10000,4,storm,0,64,20,100,36000000,ecf392d9100f3ea5,40.2
breaker2,brk.storm.rv32i.O2.p1s1.t10000.h4,0404,dut,PASS,,20334131,102,0,False,brk,rv32i,-O2,1,1,10000,4,storm,0,64,20,100,36000000,ecf392d9100f3ea5,32.5
breaker2,brk.storm.rv32i.O2.p1s1.t10000.h4,0404,golden,PASS,,20279350,100,0,False,brk,rv32i,-O2,1,1,10000,4,storm,0,64,20,100,36000000,ecf392d9100f3ea5,41.5
breaker2,brk.storm.rv32i.O2.p1s1.t10000.h4,0405,dut,PASS,,20279408,98,0,False,brk,rv32i,-O2,1,1,10000,4,storm,0,64,20,100,36000000,ecf392d9100f3ea5,29.3
breaker2,brk.storm.rv32i.O2.p1s1.t10000.h4,0405,golden,PASS,,20278915,101,0,False,brk,rv32i,-O2,1,1,10000,4,storm,0,64,20,100,36000000,ecf392d9100f3ea5,42.8
breaker2,brk.storm.rv32i.O2.p1s1.t10000.h4,0406,dut,PASS,,20314068,100,0,False,brk,rv32i,-O2,1,1,10000,4,storm,0,64,20,100,36000000,ecf392d9100f3ea5,31.9
breaker2,brk.storm.rv32i.O2.p1s1.t10000.h4,0406,golden,PASS,,20275501,100,0,False,brk,rv32i,-O2,1,1,10000,4,storm,0,64,20,100,36000000,ecf392d9100f3ea5,40.1
breaker2,brk.storm.rv32i.O2.p1s1.t10000.h4,0407,dut,PASS,,20279872,101,0,False,brk,rv32i,-O2,1,1,10000,4,storm,0,64,20,100,36000000,ecf392d9100f3ea5,30.2
breaker2,brk.storm.rv32i.O2.p1s1.t10000.h4,0407,golden,PASS,,20279875,100,0,False,brk,rv32i,-O2,1,1,10000,4,storm,0,64,20,100,36000000,ecf392d9100f3ea5,40.1
breaker2,brk.storm.rv32i.O2.p1s1.t10000.h4,0408,dut,PASS,,20281421,119,0,False,brk,rv32i,-O2,1,1,10000,4,storm,0,64,20,100,36000000,ecf392d9100f3ea5,38.0
breaker2,brk.storm.rv32i.O2.p1s1.t10000.h4,0408,golden,PASS,,20284053,117,0,False,brk,rv32i,-O2,1,1,10000,4,storm,0,64,20,100,36000000,ecf392d9100f3ea5,43.0
breaker2,brk.storm.rv32i.O2.p1s1.t10000.h4.bp3,0401,dut,PASS,,20247535,120,0,False,brk,rv32i,-O2,1,1,10000,4,storm,3,64,20,100,36000000,1972ff630fe9e41d,29.5
breaker2,brk.storm.rv32i.O2.p1s1.t10000.h4.bp3,0401,golden,PASS,,20284898,118,0,False,brk,rv32i,-O2,1,1,10000,4,storm,3,64,20,100,36000000,1972ff630fe9e41d,36.4
breaker2,brk.storm.rv32i.O2.p1s1.t10000.h4.bp3,0402,dut,PASS,,20247621,122,0,False,brk,rv32i,-O2,1,1,10000,4,storm,3,64,20,100,36000000,1972ff630fe9e41d,25.7
breaker2,brk.storm.rv32i.O2.p1s1.t10000.h4.bp3,0402,golden,PASS,,20283215,118,0,False,brk,rv32i,-O2,1,1,10000,4,storm,3,64,20,100,36000000,1972ff630fe9e41d,39.2
breaker2,brk.storm.rv32i.O2.p1s1.t10000.h4.bp3,0403,dut,PASS,,20246070,107,0,False,brk,rv32i,-O2,1,1,10000,4,storm,3,64,20,100,36000000,1972ff630fe9e41d,26.8
breaker2,brk.storm.rv32i.O2.p1s1.t10000.h4.bp3,0403,golden,PASS,,20307448,101,0,False,brk,rv32i,-O2,1,1,10000,4,storm,3,64,20,100,36000000,1972ff630fe9e41d,41.7
breaker2,brk.storm.rv32i.O2.p1s1.t10000.h4.bp3,0404,dut,PASS,,20267275,109,0,False,brk,rv32i,-O2,1,1,10000,4,storm,3,64,20,100,36000000,1972ff630fe9e41d,28.5
breaker2,brk.storm.rv32i.O2.p1s1.t10000.h4.bp3,0404,golden,PASS,,20326439,102,0,False,brk,rv32i,-O2,1,1,10000,4,storm,3,64,20,100,36000000,1972ff630fe9e41d,40.0
breaker2,brk.storm.rv32i.O2.p1s1.t10000.h4.bp3,0405,dut,PASS,,20346824,103,0,False,brk,rv32i,-O2,1,1,10000,4,storm,3,64,20,100,36000000,1972ff630fe9e41d,32.2
breaker2,brk.storm.rv32i.O2.p1s1.t10000.h4.bp3,0405,golden,PASS,,20293229,98,0,False,brk,rv32i,-O2,1,1,10000,4,storm,3,64,20,100,36000000,1972ff630fe9e41d,41.2
breaker2,brk.storm.rv32i.O2.p1s1.t10000.h4.bp3,0406,dut,PASS,,20245352,105,0,False,brk,rv32i,-O2,1,1,10000,4,storm,3,64,20,100,36000000,1972ff630fe9e41d,34.7
breaker2,brk.storm.rv32i.O2.p1s1.t10000.h4.bp3,0406,golden,PASS,,20274897,102,0,False,brk,rv32i,-O2,1,1,10000,4,storm,3,64,20,100,36000000,1972ff630fe9e41d,38.9
breaker2,brk.storm.rv32i.O2.p1s1.t10000.h4.bp3,0407,dut,PASS,,20280184,107,0,False,brk,rv32i,-O2,1,1,10000,4,storm,3,64,20,100,36000000,1972ff630fe9e41d,22.8
breaker2,brk.storm.rv32i.O2.p1s1.t10000.h4.bp3,0407,golden,PASS,,20270447,103,0,False,brk,rv32i,-O2,1,1,10000,4,storm,3,64,20,100,36000000,1972ff630fe9e41d,49.8
breaker2,brk.storm.rv32i.O2.p1s1.t10000.h4.bp3,0408,dut,PASS,,20247062,121,0,False,brk,rv32i,-O2,1,1,10000,4,storm,3,64,20,100,36000000,1972ff630fe9e41d,29.0
breaker2,brk.storm.rv32i.O2.p1s1.t10000.h4.bp3,0408,golden,PASS,,20285343,118,0,False,brk,rv32i,-O2,1,1,10000,4,storm,3,64,20,100,36000000,1972ff630fe9e41d,38.4
breaker2,brk.storm.rv32i.Os.p1s0.t3000.h4,0401,dut,PASS,,18299082,60,0,False,brk,rv32i,-Os,1,0,3000,4,storm,0,64,9,667,33013500,8f9df98ea15cb5e1,31.1
breaker2,brk.storm.rv32i.Os.p1s0.t3000.h4,0401,golden,PASS,,18298761,59,0,False,brk,rv32i,-Os,1,0,3000,4,storm,0,64,9,667,33013500,8f9df98ea15cb5e1,44.6
breaker2,brk.storm.rv32i.Os.p1s0.t3000.h4,0402,dut,PASS,,18297930,60,0,False,brk,rv32i,-Os,1,0,3000,4,storm,0,64,9,667,33013500,8f9df98ea15cb5e1,25.5
breaker2,brk.storm.rv32i.Os.p1s0.t3000.h4,0402,golden,PASS,,18297642,60,0,False,brk,rv32i,-Os,1,0,3000,4,storm,0,64,9,667,33013500,8f9df98ea15cb5e1,56.7
breaker2,brk.storm.rv32i.Os.p1s0.t3000.h4,0403,dut,PASS,,18293419,57,0,False,brk,rv32i,-Os,1,0,3000,4,storm,0,64,9,667,33013500,8f9df98ea15cb5e1,24.1
breaker2,brk.storm.rv32i.Os.p1s0.t3000.h4,0403,golden,PASS,,18293402,58,0,False,brk,rv32i,-Os,1,0,3000,4,storm,0,64,9,667,33013500,8f9df98ea15cb5e1,40.8
breaker2,brk.storm.rv32i.Os.p1s0.t3000.h4,0404,dut,PASS,,18374411,57,0,False,brk,rv32i,-Os,1,0,3000,4,storm,0,64,9,667,33013500,8f9df98ea15cb5e1,30.2
breaker2,brk.storm.rv32i.Os.p1s0.t3000.h4,0404,golden,PASS,,18364426,56,0,False,brk,rv32i,-Os,1,0,3000,4,storm,0,64,9,667,33013500,8f9df98ea15cb5e1,46.2
breaker2,brk.storm.rv32i.Os.p1s0.t3000.h4,0405,dut,PASS,,18295930,57,0,False,brk,rv32i,-Os,1,0,3000,4,storm,0,64,9,667,33013500,8f9df98ea15cb5e1,26.0
breaker2,brk.storm.rv32i.Os.p1s0.t3000.h4,0405,golden,PASS,,18296562,58,0,False,brk,rv32i,-Os,1,0,3000,4,storm,0,64,9,667,33013500,8f9df98ea15cb5e1,39.4
breaker2,brk.storm.rv32i.Os.p1s0.t3000.h4,0406,dut,PASS,,18336939,56,0,False,brk,rv32i,-Os,1,0,3000,4,storm,0,64,9,667,33013500,8f9df98ea15cb5e1,27.3
breaker2,brk.storm.rv32i.Os.p1s0.t3000.h4,0406,golden,PASS,,18337082,57,0,False,brk,rv32i,-Os,1,0,3000,4,storm,0,64,9,667,33013500,8f9df98ea15cb5e1,38.0
breaker2,brk.storm.rv32i.Os.p1s0.t3000.h4,0407,dut,PASS,,18295910,57,0,False,brk,rv32i,-Os,1,0,3000,4,storm,0,64,9,667,33013500,8f9df98ea15cb5e1,33.2
breaker2,brk.storm.rv32i.Os.p1s0.t3000.h4,0407,golden,PASS,,18295574,57,0,False,brk,rv32i,-Os,1,0,3000,4,storm,0,64,9,667,33013500,8f9df98ea15cb5e1,52.7
breaker2,brk.storm.rv32i.Os.p1s0.t3000.h4,0408,dut,PASS,,18294819,60,0,False,brk,rv32i,-Os,1,0,3000,4,storm,0,64,9,667,33013500,8f9df98ea15cb5e1,36.6
breaker2,brk.storm.rv32i.Os.p1s0.t3000.h4,0408,golden,PASS,,18294932,60,0,False,brk,rv32i,-Os,1,0,3000,4,storm,0,64,9,667,33013500,8f9df98ea15cb5e1,46.3
breaker2,brk.storm.rv32im.O2.p1s1.t1500.h4,0401,dut,PASS,,16276199,28,0,False,brk,rv32im,-O2,1,1,1500,4,storm,0,64,4,2667,30003000,703fb07bc32d8653,22.5
breaker2,brk.storm.rv32im.O2.p1s1.t1500.h4,0402,dut,PASS,,16276308,28,0,False,brk,rv32im,-O2,1,1,1500,4,storm,0,64,4,2667,30003000,703fb07bc32d8653,21.9
breaker2,brk.storm.rv32im.O2.p1s1.t1500.h4,0403,dut,PASS,,16292531,28,0,False,brk,rv32im,-O2,1,1,1500,4,storm,0,64,4,2667,30003000,703fb07bc32d8653,21.7
breaker2,brk.storm.rv32im.O2.p1s1.t1500.h4,0404,dut,PASS,,16277137,27,0,False,brk,rv32im,-O2,1,1,1500,4,storm,0,64,4,2667,30003000,703fb07bc32d8653,21.6
breaker2,brk.storm.rv32im.O2.p1s1.t1500.h4,0405,dut,PASS,,16274699,27,0,False,brk,rv32im,-O2,1,1,1500,4,storm,0,64,4,2667,30003000,703fb07bc32d8653,21.3
breaker2,brk.storm.rv32im.O2.p1s1.t1500.h4,0406,dut,PASS,,16275330,27,0,False,brk,rv32im,-O2,1,1,1500,4,storm,0,64,4,2667,30003000,703fb07bc32d8653,30.5
breaker2,brk.storm.rv32im.O2.p1s1.t1500.h4,0407,dut,PASS,,16282194,27,0,False,brk,rv32im,-O2,1,1,1500,4,storm,0,64,4,2667,30003000,703fb07bc32d8653,20.4
breaker2,brk.storm.rv32im.O2.p1s1.t1500.h4,0408,dut,PASS,,16274531,28,0,False,brk,rv32im,-O2,1,1,1500,4,storm,0,64,4,2667,30003000,703fb07bc32d8653,19.8
breaker2,brk.storm.rv32im_zba.Os.p1s1.t10000.h4,0401,dut,PASS,,20278585,119,0,False,brk,rv32im_zba,-Os,1,1,10000,4,storm,0,64,20,100,36000000,c4c55e7957f2502b,26.0
breaker2,brk.storm.rv32im_zba.Os.p1s1.t10000.h4,0402,dut,PASS,,20277738,118,0,False,brk,rv32im_zba,-Os,1,1,10000,4,storm,0,64,20,100,36000000,c4c55e7957f2502b,26.2
breaker2,brk.storm.rv32im_zba.Os.p1s1.t10000.h4,0403,dut,PASS,,20277739,107,0,False,brk,rv32im_zba,-Os,1,1,10000,4,storm,0,64,20,100,36000000,c4c55e7957f2502b,29.0
breaker2,brk.storm.rv32im_zba.Os.p1s1.t10000.h4,0404,dut,PASS,,20277082,113,0,False,brk,rv32im_zba,-Os,1,1,10000,4,storm,0,64,20,100,36000000,c4c55e7957f2502b,32.6
breaker2,brk.storm.rv32im_zba.Os.p1s1.t10000.h4,0405,dut,PASS,,20280577,107,0,False,brk,rv32im_zba,-Os,1,1,10000,4,storm,0,64,20,100,36000000,c4c55e7957f2502b,27.9
breaker2,brk.storm.rv32im_zba.Os.p1s1.t10000.h4,0406,dut,PASS,,20312262,108,0,False,brk,rv32im_zba,-Os,1,1,10000,4,storm,0,64,20,100,36000000,c4c55e7957f2502b,27.9
breaker2,brk.storm.rv32im_zba.Os.p1s1.t10000.h4,0407,dut,PASS,,20296712,107,0,False,brk,rv32im_zba,-Os,1,1,10000,4,storm,0,64,20,100,36000000,c4c55e7957f2502b,29.6
breaker2,brk.storm.rv32im_zba.Os.p1s1.t10000.h4,0408,dut,PASS,,20276719,119,0,False,brk,rv32im_zba,-Os,1,1,10000,4,storm,0,64,20,100,36000000,c4c55e7957f2502b,35.2
breaker2,brk.stormbpdyn.rv32im.O2.p1s1.t10000.h4.bp3,0401,dut,PASS,,20243591,120,0,False,brk,rv32im,-O2,1,1,10000,4,stormbpdyn,3,64,20,100,36000000,89e66c3139f840fe,32.5
breaker2,brk.stormbpdyn.rv32im.O2.p1s1.t10000.h4.bp3,0402,dut,PASS,,20243188,121,0,False,brk,rv32im,-O2,1,1,10000,4,stormbpdyn,3,64,20,100,36000000,89e66c3139f840fe,29.0
breaker2,brk.stormbpdyn.rv32im.O2.p1s1.t10000.h4.bp3,0403,dut,PASS,,20262608,111,0,False,brk,rv32im,-O2,1,1,10000,4,stormbpdyn,3,64,20,100,36000000,89e66c3139f840fe,34.6
breaker2,brk.stormbpdyn.rv32im.O2.p1s1.t10000.h4.bp3,0404,dut,PASS,,20257516,115,0,False,brk,rv32im,-O2,1,1,10000,4,stormbpdyn,3,64,20,100,36000000,89e66c3139f840fe,29.9
breaker2,brk.stormbpdyn.rv32im.O2.p1s1.t10000.h4.bp3,0405,dut,PASS,,20277590,112,0,False,brk,rv32im,-O2,1,1,10000,4,stormbpdyn,3,64,20,100,36000000,89e66c3139f840fe,34.6
breaker2,brk.stormbpdyn.rv32im.O2.p1s1.t10000.h4.bp3,0406,dut,PASS,,20243506,113,0,False,brk,rv32im,-O2,1,1,10000,4,stormbpdyn,3,64,20,100,36000000,89e66c3139f840fe,27.9
breaker2,brk.stormbpdyn.rv32im.O2.p1s1.t10000.h4.bp3,0407,dut,PASS,,20242019,112,0,False,brk,rv32im,-O2,1,1,10000,4,stormbpdyn,3,64,20,100,36000000,89e66c3139f840fe,30.5
breaker2,brk.stormbpdyn.rv32im.O2.p1s1.t10000.h4.bp3,0408,dut,PASS,,20243967,124,0,False,brk,rv32im,-O2,1,1,10000,4,stormbpdyn,3,64,20,100,36000000,89e66c3139f840fe,28.5
standard,full.rv32i.O2.p1s1.t10000.h4,0001,dut,PASS,,150679860,3,0,False,full,rv32i,-O2,1,1,10000,4,,0,256,3,5000,237000000,42836fa0227abb8d,187.3
standard,full.rv32i.O2.p1s1.t10000.h4,0001,golden,PASS,,150679538,3,0,False,full,rv32i,-O2,1,1,10000,4,,0,256,3,5000,237000000,42836fa0227abb8d,259.5
standard,full.rv32i.O2.p1s1.t10000.h4,0002,dut,PASS,,150681774,3,0,False,full,rv32i,-O2,1,1,10000,4,,0,256,3,5000,237000000,42836fa0227abb8d,172.3
standard,full.rv32i.O2.p1s1.t10000.h4,0002,golden,PASS,,150679387,3,0,False,full,rv32i,-O2,1,1,10000,4,,0,256,3,5000,237000000,42836fa0227abb8d,260.8
standard,full.rv32i.O2.p1s1.t10000.h4,0003,dut,PASS,,150679691,3,0,False,full,rv32i,-O2,1,1,10000,4,,0,256,3,5000,237000000,42836fa0227abb8d,167.0
standard,full.rv32i.O2.p1s1.t10000.h4,0003,golden,PASS,,150678973,3,0,False,full,rv32i,-O2,1,1,10000,4,,0,256,3,5000,237000000,42836fa0227abb8d,282.0
standard,full.rv32i.O2.p1s1.t10000.h4,0004,dut,PASS,,150680351,3,0,False,full,rv32i,-O2,1,1,10000,4,,0,256,3,5000,237000000,42836fa0227abb8d,178.1
standard,full.rv32i.O2.p1s1.t10000.h4,0004,golden,PASS,,150679299,3,0,False,full,rv32i,-O2,1,1,10000,4,,0,256,3,5000,237000000,42836fa0227abb8d,264.6
standard,full.rv32i.O2.p1s1.t10000.h4,0005,dut,PASS,,150680157,3,0,False,full,rv32i,-O2,1,1,10000,4,,0,256,3,5000,237000000,42836fa0227abb8d,186.0
standard,full.rv32i.O2.p1s1.t10000.h4,0005,golden,PASS,,150679982,3,0,False,full,rv32i,-O2,1,1,10000,4,,0,256,3,5000,237000000,42836fa0227abb8d,309.9
standard,full.rv32i.O2.p1s1.t10000.h4,0006,dut,PASS,,150681267,3,0,False,full,rv32i,-O2,1,1,10000,4,,0,256,3,5000,237000000,42836fa0227abb8d,190.3
standard,full.rv32i.O2.p1s1.t10000.h4,0006,golden,PASS,,150679953,3,0,False,full,rv32i,-O2,1,1,10000,4,,0,256,3,5000,237000000,42836fa0227abb8d,305.5
standard,full.rv32i.O2.p1s1.t10000.h4,0007,dut,PASS,,150681522,3,0,False,full,rv32i,-O2,1,1,10000,4,,0,256,3,5000,237000000,42836fa0227abb8d,196.1
standard,full.rv32i.O2.p1s1.t10000.h4,0007,golden,PASS,,150682209,3,0,False,full,rv32i,-O2,1,1,10000,4,,0,256,3,5000,237000000,42836fa0227abb8d,342.1
standard,full.rv32i.O2.p1s1.t10000.h4,0008,dut,PASS,,150678842,3,0,False,full,rv32i,-O2,1,1,10000,4,,0,256,3,5000,237000000,42836fa0227abb8d,186.2
standard,full.rv32i.O2.p1s1.t10000.h4,0008,golden,PASS,,150679629,3,0,False,full,rv32i,-O2,1,1,10000,4,,0,256,3,5000,237000000,42836fa0227abb8d,303.7
standard,full.rv32i.Os.p1s1.t10000.h4,0001,dut,PASS,,150695672,3,0,False,full,rv32i,-Os,1,1,10000,4,,0,256,3,5000,237000000,1553eea471f311bf,191.2
standard,full.rv32i.Os.p1s1.t10000.h4,0001,golden,PASS,,150695498,3,0,False,full,rv32i,-Os,1,1,10000,4,,0,256,3,5000,237000000,1553eea471f311bf,324.1
standard,full.rv32i.Os.p1s1.t10000.h4,0002,dut,PASS,,150696102,3,0,False,full,rv32i,-Os,1,1,10000,4,,0,256,3,5000,237000000,1553eea471f311bf,201.1
standard,full.rv32i.Os.p1s1.t10000.h4,0002,golden,PASS,,150696462,3,0,False,full,rv32i,-Os,1,1,10000,4,,0,256,3,5000,237000000,1553eea471f311bf,320.9
standard,full.rv32i.Os.p1s1.t10000.h4,0003,dut,PASS,,150696194,3,0,False,full,rv32i,-Os,1,1,10000,4,,0,256,3,5000,237000000,1553eea471f311bf,196.9
standard,full.rv32i.Os.p1s1.t10000.h4,0003,golden,PASS,,150695558,3,0,False,full,rv32i,-Os,1,1,10000,4,,0,256,3,5000,237000000,1553eea471f311bf,311.1
standard,full.rv32i.Os.p1s1.t10000.h4,0004,dut,PASS,,150695228,3,0,False,full,rv32i,-Os,1,1,10000,4,,0,256,3,5000,237000000,1553eea471f311bf,179.1
standard,full.rv32i.Os.p1s1.t10000.h4,0004,golden,PASS,,150694944,3,0,False,full,rv32i,-Os,1,1,10000,4,,0,256,3,5000,237000000,1553eea471f311bf,311.5
standard,full.rv32i.Os.p1s1.t10000.h4,0005,dut,PASS,,150696153,3,0,False,full,rv32i,-Os,1,1,10000,4,,0,256,3,5000,237000000,1553eea471f311bf,192.0
standard,full.rv32i.Os.p1s1.t10000.h4,0005,golden,PASS,,150695936,3,0,False,full,rv32i,-Os,1,1,10000,4,,0,256,3,5000,237000000,1553eea471f311bf,300.3
standard,full.rv32i.Os.p1s1.t10000.h4,0006,dut,PASS,,150696715,3,0,False,full,rv32i,-Os,1,1,10000,4,,0,256,3,5000,237000000,1553eea471f311bf,217.3
standard,full.rv32i.Os.p1s1.t10000.h4,0006,golden,PASS,,150697465,3,0,False,full,rv32i,-Os,1,1,10000,4,,0,256,3,5000,237000000,1553eea471f311bf,324.6
standard,full.rv32i.Os.p1s1.t10000.h4,0007,dut,PASS,,150696381,3,0,False,full,rv32i,-Os,1,1,10000,4,,0,256,3,5000,237000000,1553eea471f311bf,197.1
standard,full.rv32i.Os.p1s1.t10000.h4,0007,golden,PASS,,150696024,3,0,False,full,rv32i,-Os,1,1,10000,4,,0,256,3,5000,237000000,1553eea471f311bf,312.1
standard,full.rv32i.Os.p1s1.t10000.h4,0008,dut,PASS,,150696912,3,0,False,full,rv32i,-Os,1,1,10000,4,,0,256,3,5000,237000000,1553eea471f311bf,179.2
standard,full.rv32i.Os.p1s1.t10000.h4,0008,golden,PASS,,150696501,3,0,False,full,rv32i,-Os,1,1,10000,4,,0,256,3,5000,237000000,1553eea471f311bf,327.8
standard,full.rv32im_zba.O2.p1s1.t10000.h4,0001,dut,PASS,,150671158,3,0,False,full,rv32im_zba,-O2,1,1,10000,4,,0,256,3,5000,237000000,08a90441482504fa,200.9
standard,full.rv32im_zba.O2.p1s1.t10000.h4,0002,dut,PASS,,150671244,3,0,False,full,rv32im_zba,-O2,1,1,10000,4,,0,256,3,5000,237000000,08a90441482504fa,194.0
standard,full.rv32im_zba.O2.p1s1.t10000.h4,0003,dut,PASS,,150671343,3,0,False,full,rv32im_zba,-O2,1,1,10000,4,,0,256,3,5000,237000000,08a90441482504fa,201.5
standard,full.rv32im_zba.O2.p1s1.t10000.h4,0004,dut,PASS,,150671158,3,0,False,full,rv32im_zba,-O2,1,1,10000,4,,0,256,3,5000,237000000,08a90441482504fa,179.0
standard,full.rv32im_zba.O2.p1s1.t10000.h4,0005,dut,PASS,,150670906,3,0,False,full,rv32im_zba,-O2,1,1,10000,4,,0,256,3,5000,237000000,08a90441482504fa,197.0
standard,full.rv32im_zba.O2.p1s1.t10000.h4,0006,dut,PASS,,150671469,3,0,False,full,rv32im_zba,-O2,1,1,10000,4,,0,256,3,5000,237000000,08a90441482504fa,201.2
standard,full.rv32im_zba.O2.p1s1.t10000.h4,0007,dut,PASS,,150671160,3,0,False,full,rv32im_zba,-O2,1,1,10000,4,,0,256,3,5000,237000000,08a90441482504fa,201.1
standard,full.rv32im_zba.O2.p1s1.t10000.h4,0008,dut,PASS,,150671323,3,0,False,full,rv32im_zba,-O2,1,1,10000,4,,0,256,3,5000,237000000,08a90441482504fa,190.8
standard,minimal.rv32i.O0.p1s0.t1500.h1,0001,dut,PASS,,5106614,27,0,False,minimal,rv32i,-O0,1,0,1500,1,,0,32,1,3333,13499250,88961b67440359e3,7.3
standard,minimal.rv32i.O0.p1s0.t1500.h1,0001,golden,PASS,,5105100,27,0,False,minimal,rv32i,-O0,1,0,1500,1,,0,32,1,3333,13499250,88961b67440359e3,8.5
standard,minimal.rv32i.O0.p1s0.t1500.h1,0002,dut,PASS,,5108114,27,0,False,minimal,rv32i,-O0,1,0,1500,1,,0,32,1,3333,13499250,88961b67440359e3,6.4
standard,minimal.rv32i.O0.p1s0.t1500.h1,0002,golden,PASS,,5102100,27,0,False,minimal,rv32i,-O0,1,0,1500,1,,0,32,1,3333,13499250,88961b67440359e3,10.8
standard,minimal.rv32i.O0.p1s0.t1500.h1,0003,dut,PASS,,5102114,27,0,False,minimal,rv32i,-O0,1,0,1500,1,,0,32,1,3333,13499250,88961b67440359e3,7.1
standard,minimal.rv32i.O0.p1s0.t1500.h1,0003,golden,PASS,,5102100,27,0,False,minimal,rv32i,-O0,1,0,1500,1,,0,32,1,3333,13499250,88961b67440359e3,11.2
standard,minimal.rv32i.O0.p1s0.t1500.h1,0004,dut,PASS,,5102114,27,0,False,minimal,rv32i,-O0,1,0,1500,1,,0,32,1,3333,13499250,88961b67440359e3,6.1
standard,minimal.rv32i.O0.p1s0.t1500.h1,0004,golden,PASS,,5102100,27,0,False,minimal,rv32i,-O0,1,0,1500,1,,0,32,1,3333,13499250,88961b67440359e3,12.9
standard,minimal.rv32i.O0.p1s0.t1500.h1,0005,dut,PASS,,5109614,28,0,False,minimal,rv32i,-O0,1,0,1500,1,,0,32,1,3333,13499250,88961b67440359e3,7.1
standard,minimal.rv32i.O0.p1s0.t1500.h1,0005,golden,PASS,,5105100,28,0,False,minimal,rv32i,-O0,1,0,1500,1,,0,32,1,3333,13499250,88961b67440359e3,11.7
standard,minimal.rv32i.O0.p1s0.t1500.h1,0006,dut,PASS,,5102114,27,0,False,minimal,rv32i,-O0,1,0,1500,1,,0,32,1,3333,13499250,88961b67440359e3,7.6
standard,minimal.rv32i.O0.p1s0.t1500.h1,0006,golden,PASS,,5105100,27,0,False,minimal,rv32i,-O0,1,0,1500,1,,0,32,1,3333,13499250,88961b67440359e3,15.1
standard,minimal.rv32i.O0.p1s0.t1500.h1,0007,dut,PASS,,5103614,27,0,False,minimal,rv32i,-O0,1,0,1500,1,,0,32,1,3333,13499250,88961b67440359e3,5.4
standard,minimal.rv32i.O0.p1s0.t1500.h1,0007,golden,PASS,,5103600,27,0,False,minimal,rv32i,-O0,1,0,1500,1,,0,32,1,3333,13499250,88961b67440359e3,9.3
standard,minimal.rv32i.O0.p1s0.t1500.h1,0008,dut,PASS,,5103614,27,0,False,minimal,rv32i,-O0,1,0,1500,1,,0,32,1,3333,13499250,88961b67440359e3,6.3
standard,minimal.rv32i.O0.p1s0.t1500.h1,0008,golden,PASS,,5103600,27,0,False,minimal,rv32i,-O0,1,0,1500,1,,0,32,1,3333,13499250,88961b67440359e3,10.4
standard,minimal.rv32i.O0.p1s1.t10000.h4,0001,dut,PASS,,5180031,6,0,False,minimal,rv32i,-O0,1,1,10000,4,,0,32,1,500,13500000,4feb7eb83a8f28e7,4.8
standard,minimal.rv32i.O0.p1s1.t10000.h4,0001,golden,PASS,,5180028,6,0,False,minimal,rv32i,-O0,1,1,10000,4,,0,32,1,500,13500000,4feb7eb83a8f28e7,11.5
standard,minimal.rv32i.O0.p1s1.t10000.h4,0002,dut,PASS,,5170031,6,0,False,minimal,rv32i,-O0,1,1,10000,4,,0,32,1,500,13500000,4feb7eb83a8f28e7,6.8
standard,minimal.rv32i.O0.p1s1.t10000.h4,0002,golden,PASS,,5170028,6,0,False,minimal,rv32i,-O0,1,1,10000,4,,0,32,1,500,13500000,4feb7eb83a8f28e7,11.4
standard,minimal.rv32i.O0.p1s1.t10000.h4,0003,dut,PASS,,5200031,6,0,False,minimal,rv32i,-O0,1,1,10000,4,,0,32,1,500,13500000,4feb7eb83a8f28e7,7.2
standard,minimal.rv32i.O0.p1s1.t10000.h4,0003,golden,PASS,,5200028,6,0,False,minimal,rv32i,-O0,1,1,10000,4,,0,32,1,500,13500000,4feb7eb83a8f28e7,8.9
standard,minimal.rv32i.O0.p1s1.t10000.h4,0004,dut,PASS,,5170030,6,0,False,minimal,rv32i,-O0,1,1,10000,4,,0,32,1,500,13500000,4feb7eb83a8f28e7,6.1
standard,minimal.rv32i.O0.p1s1.t10000.h4,0004,golden,PASS,,5170036,6,0,False,minimal,rv32i,-O0,1,1,10000,4,,0,32,1,500,13500000,4feb7eb83a8f28e7,10.7
standard,minimal.rv32i.O0.p1s1.t10000.h4,0005,dut,PASS,,5190030,6,0,False,minimal,rv32i,-O0,1,1,10000,4,,0,32,1,500,13500000,4feb7eb83a8f28e7,5.0
standard,minimal.rv32i.O0.p1s1.t10000.h4,0005,golden,PASS,,5190036,6,0,False,minimal,rv32i,-O0,1,1,10000,4,,0,32,1,500,13500000,4feb7eb83a8f28e7,11.2
standard,minimal.rv32i.O0.p1s1.t10000.h4,0006,dut,PASS,,5180031,6,0,False,minimal,rv32i,-O0,1,1,10000,4,,0,32,1,500,13500000,4feb7eb83a8f28e7,6.4
standard,minimal.rv32i.O0.p1s1.t10000.h4,0006,golden,PASS,,5180031,6,0,False,minimal,rv32i,-O0,1,1,10000,4,,0,32,1,500,13500000,4feb7eb83a8f28e7,11.3
standard,minimal.rv32i.O0.p1s1.t10000.h4,0007,dut,PASS,,5190031,6,0,False,minimal,rv32i,-O0,1,1,10000,4,,0,32,1,500,13500000,4feb7eb83a8f28e7,6.1
standard,minimal.rv32i.O0.p1s1.t10000.h4,0007,golden,PASS,,5190030,6,0,False,minimal,rv32i,-O0,1,1,10000,4,,0,32,1,500,13500000,4feb7eb83a8f28e7,13.2
standard,minimal.rv32i.O0.p1s1.t10000.h4,0008,dut,PASS,,5200031,6,0,False,minimal,rv32i,-O0,1,1,10000,4,,0,32,1,500,13500000,4feb7eb83a8f28e7,6.4
standard,minimal.rv32i.O0.p1s1.t10000.h4,0008,golden,PASS,,5200028,6,0,False,minimal,rv32i,-O0,1,1,10000,4,,0,32,1,500,13500000,4feb7eb83a8f28e7,9.2
standard,minimal.rv32i.O2.p0s1.t10000.h1,0001,dut,PASS,,5168550,6,0,False,minimal,rv32i,-O2,0,1,10000,1,,0,32,1,500,10500000,a16d085618953156,6.3
standard,minimal.rv32i.O2.p0s1.t10000.h1,0001,golden,PASS,,5168445,6,0,False,minimal,rv32i,-O2,0,1,10000,1,,0,32,1,500,10500000,a16d085618953156,12.3
standard,minimal.rv32i.O2.p0s1.t10000.h1,0002,dut,PASS,,5158545,6,0,False,minimal,rv32i,-O2,0,1,10000,1,,0,32,1,500,10500000,a16d085618953156,6.4
standard,minimal.rv32i.O2.p0s1.t10000.h1,0002,golden,PASS,,5158518,6,0,False,minimal,rv32i,-O2,0,1,10000,1,,0,32,1,500,10500000,a16d085618953156,11.5
standard,minimal.rv32i.O2.p0s1.t10000.h1,0003,dut,PASS,,5188639,6,0,False,minimal,rv32i,-O2,0,1,10000,1,,0,32,1,500,10500000,a16d085618953156,6.6
standard,minimal.rv32i.O2.p0s1.t10000.h1,0003,golden,PASS,,5188469,6,0,False,minimal,rv32i,-O2,0,1,10000,1,,0,32,1,500,10500000,a16d085618953156,9.2
standard,minimal.rv32i.O2.p0s1.t10000.h1,0004,dut,PASS,,5158615,6,0,False,minimal,rv32i,-O2,0,1,10000,1,,0,32,1,500,10500000,a16d085618953156,5.5
standard,minimal.rv32i.O2.p0s1.t10000.h1,0004,golden,PASS,,5158490,6,0,False,minimal,rv32i,-O2,0,1,10000,1,,0,32,1,500,10500000,a16d085618953156,10.1
standard,minimal.rv32i.O2.p0s1.t10000.h1,0005,dut,PASS,,5178550,6,0,False,minimal,rv32i,-O2,0,1,10000,1,,0,32,1,500,10500000,a16d085618953156,4.8
standard,minimal.rv32i.O2.p0s1.t10000.h1,0005,golden,PASS,,5178614,6,0,False,minimal,rv32i,-O2,0,1,10000,1,,0,32,1,500,10500000,a16d085618953156,10.2
standard,minimal.rv32i.O2.p0s1.t10000.h1,0006,dut,PASS,,5168635,6,0,False,minimal,rv32i,-O2,0,1,10000,1,,0,32,1,500,10500000,a16d085618953156,6.1
standard,minimal.rv32i.O2.p0s1.t10000.h1,0006,golden,PASS,,5168483,6,0,False,minimal,rv32i,-O2,0,1,10000,1,,0,32,1,500,10500000,a16d085618953156,10.2
standard,minimal.rv32i.O2.p0s1.t10000.h1,0007,dut,PASS,,5178446,6,0,False,minimal,rv32i,-O2,0,1,10000,1,,0,32,1,500,10500000,a16d085618953156,7.1
standard,minimal.rv32i.O2.p0s1.t10000.h1,0007,golden,PASS,,5178591,6,0,False,minimal,rv32i,-O2,0,1,10000,1,,0,32,1,500,10500000,a16d085618953156,11.5
standard,minimal.rv32i.O2.p0s1.t10000.h1,0008,dut,PASS,,5188524,6,0,False,minimal,rv32i,-O2,0,1,10000,1,,0,32,1,500,10500000,a16d085618953156,6.7
standard,minimal.rv32i.O2.p0s1.t10000.h1,0008,golden,PASS,,5188458,6,0,False,minimal,rv32i,-O2,0,1,10000,1,,0,32,1,500,10500000,a16d085618953156,9.9
standard,minimal.rv32i.O2.p1s1.t10000.h4,0001,dut,PASS,,5169449,6,0,False,minimal,rv32i,-O2,1,1,10000,4,,0,32,1,500,10500000,76b059de758c7e02,6.5
standard,minimal.rv32i.O2.p1s1.t10000.h4,0001,golden,PASS,,5169441,6,0,False,minimal,rv32i,-O2,1,1,10000,4,,0,32,1,500,10500000,76b059de758c7e02,10.9
standard,minimal.rv32i.O2.p1s1.t10000.h4,0002,dut,PASS,,5159450,6,0,False,minimal,rv32i,-O2,1,1,10000,4,,0,32,1,500,10500000,76b059de758c7e02,5.4
standard,minimal.rv32i.O2.p1s1.t10000.h4,0002,golden,PASS,,5159440,6,0,False,minimal,rv32i,-O2,1,1,10000,4,,0,32,1,500,10500000,76b059de758c7e02,10.8
standard,minimal.rv32i.O2.p1s1.t10000.h4,0003,dut,PASS,,5189449,6,0,False,minimal,rv32i,-O2,1,1,10000,4,,0,32,1,500,10500000,76b059de758c7e02,7.0
standard,minimal.rv32i.O2.p1s1.t10000.h4,0003,golden,PASS,,5189441,6,0,False,minimal,rv32i,-O2,1,1,10000,4,,0,32,1,500,10500000,76b059de758c7e02,10.3
standard,minimal.rv32i.O2.p1s1.t10000.h4,0004,dut,PASS,,5159477,6,0,False,minimal,rv32i,-O2,1,1,10000,4,,0,32,1,500,10500000,76b059de758c7e02,5.2
standard,minimal.rv32i.O2.p1s1.t10000.h4,0004,golden,PASS,,5159469,6,0,False,minimal,rv32i,-O2,1,1,10000,4,,0,32,1,500,10500000,76b059de758c7e02,7.2
standard,minimal.rv32i.O2.p1s1.t10000.h4,0005,dut,PASS,,5179477,6,0,False,minimal,rv32i,-O2,1,1,10000,4,,0,32,1,500,10500000,76b059de758c7e02,7.2
standard,minimal.rv32i.O2.p1s1.t10000.h4,0005,golden,PASS,,5179466,6,0,False,minimal,rv32i,-O2,1,1,10000,4,,0,32,1,500,10500000,76b059de758c7e02,9.6
standard,minimal.rv32i.O2.p1s1.t10000.h4,0006,dut,PASS,,5169449,6,0,False,minimal,rv32i,-O2,1,1,10000,4,,0,32,1,500,10500000,76b059de758c7e02,7.2
standard,minimal.rv32i.O2.p1s1.t10000.h4,0006,golden,PASS,,5169441,6,0,False,minimal,rv32i,-O2,1,1,10000,4,,0,32,1,500,10500000,76b059de758c7e02,9.5
standard,minimal.rv32i.O2.p1s1.t10000.h4,0007,dut,PASS,,5179450,6,0,False,minimal,rv32i,-O2,1,1,10000,4,,0,32,1,500,10500000,76b059de758c7e02,6.0
standard,minimal.rv32i.O2.p1s1.t10000.h4,0007,golden,PASS,,5179441,6,0,False,minimal,rv32i,-O2,1,1,10000,4,,0,32,1,500,10500000,76b059de758c7e02,10.4
standard,minimal.rv32i.O2.p1s1.t10000.h4,0008,dut,PASS,,5189449,6,0,False,minimal,rv32i,-O2,1,1,10000,4,,0,32,1,500,10500000,76b059de758c7e02,6.3
standard,minimal.rv32i.O2.p1s1.t10000.h4,0008,golden,PASS,,5189441,6,0,False,minimal,rv32i,-O2,1,1,10000,4,,0,32,1,500,10500000,76b059de758c7e02,10.4
standard,minimal.rv32i.O2.p1s1.t500.h4,0001,dut,PASS,,2091372,12,0,False,minimal,rv32i,-O2,1,1,500,4,,0,32,1,4000,6000000,acc27955e0f6eb63,3.2
standard,minimal.rv32i.O2.p1s1.t500.h4,0001,golden,PASS,,2091362,12,0,False,minimal,rv32i,-O2,1,1,500,4,,0,32,1,4000,6000000,acc27955e0f6eb63,4.4
standard,minimal.rv32i.O2.p1s1.t500.h4,0002,dut,PASS,,2090869,12,0,False,minimal,rv32i,-O2,1,1,500,4,,0,32,1,4000,6000000,acc27955e0f6eb63,2.7
standard,minimal.rv32i.O2.p1s1.t500.h4,0002,golden,PASS,,2088862,12,0,False,minimal,rv32i,-O2,1,1,500,4,,0,32,1,4000,6000000,acc27955e0f6eb63,4.3
standard,minimal.rv32i.O2.p1s1.t500.h4,0003,dut,PASS,,2088869,12,0,False,minimal,rv32i,-O2,1,1,500,4,,0,32,1,4000,6000000,acc27955e0f6eb63,2.6
standard,minimal.rv32i.O2.p1s1.t500.h4,0003,golden,PASS,,2087862,12,0,False,minimal,rv32i,-O2,1,1,500,4,,0,32,1,4000,6000000,acc27955e0f6eb63,4.6
standard,minimal.rv32i.O2.p1s1.t500.h4,0004,dut,PASS,,2087369,12,0,False,minimal,rv32i,-O2,1,1,500,4,,0,32,1,4000,6000000,acc27955e0f6eb63,2.2
standard,minimal.rv32i.O2.p1s1.t500.h4,0004,golden,PASS,,2090862,12,0,False,minimal,rv32i,-O2,1,1,500,4,,0,32,1,4000,6000000,acc27955e0f6eb63,4.2
standard,minimal.rv32i.O2.p1s1.t500.h4,0005,dut,PASS,,2090869,13,0,False,minimal,rv32i,-O2,1,1,500,4,,0,32,1,4000,6000000,acc27955e0f6eb63,2.6
standard,minimal.rv32i.O2.p1s1.t500.h4,0005,golden,PASS,,2088862,13,0,False,minimal,rv32i,-O2,1,1,500,4,,0,32,1,4000,6000000,acc27955e0f6eb63,3.1
standard,minimal.rv32i.O2.p1s1.t500.h4,0006,dut,PASS,,2090869,12,0,False,minimal,rv32i,-O2,1,1,500,4,,0,32,1,4000,6000000,acc27955e0f6eb63,3.2
standard,minimal.rv32i.O2.p1s1.t500.h4,0006,golden,PASS,,2089862,12,0,False,minimal,rv32i,-O2,1,1,500,4,,0,32,1,4000,6000000,acc27955e0f6eb63,3.4
standard,minimal.rv32i.O2.p1s1.t500.h4,0007,dut,PASS,,2089369,12,0,False,minimal,rv32i,-O2,1,1,500,4,,0,32,1,4000,6000000,acc27955e0f6eb63,2.0
standard,minimal.rv32i.O2.p1s1.t500.h4,0007,golden,PASS,,2088362,12,0,False,minimal,rv32i,-O2,1,1,500,4,,0,32,1,4000,6000000,acc27955e0f6eb63,4.3
standard,minimal.rv32i.O2.p1s1.t500.h4,0008,dut,PASS,,2090869,12,0,False,minimal,rv32i,-O2,1,1,500,4,,0,32,1,4000,6000000,acc27955e0f6eb63,2.7
standard,minimal.rv32i.O2.p1s1.t500.h4,0008,golden,PASS,,2089362,12,0,False,minimal,rv32i,-O2,1,1,500,4,,0,32,1,4000,6000000,acc27955e0f6eb63,4.4
standard,minimal.rv32i.Os.p0s0.t50000.h4,0001,dut,PASS,,5481998,1,0,False,minimal,rv32i,-Os,0,0,50000,4,,0,32,1,100,10500000,858ded958c366ca3,5.1
standard,minimal.rv32i.Os.p0s0.t50000.h4,0001,golden,PASS,,5481994,1,0,False,minimal,rv32i,-Os,0,0,50000,4,,0,32,1,100,10500000,858ded958c366ca3,11.2
standard,minimal.rv32i.Os.p0s0.t50000.h4,0002,dut,PASS,,5582045,1,0,False,minimal,rv32i,-Os,0,0,50000,4,,0,32,1,100,10500000,858ded958c366ca3,7.4
standard,minimal.rv32i.Os.p0s0.t50000.h4,0002,golden,PASS,,5582149,1,0,False,minimal,rv32i,-Os,0,0,50000,4,,0,32,1,100,10500000,858ded958c366ca3,8.0
standard,minimal.rv32i.Os.p0s0.t50000.h4,0003,dut,PASS,,5632077,1,0,False,minimal,rv32i,-Os,0,0,50000,4,,0,32,1,100,10500000,858ded958c366ca3,7.5
standard,minimal.rv32i.Os.p0s0.t50000.h4,0003,golden,PASS,,5632159,1,0,False,minimal,rv32i,-Os,0,0,50000,4,,0,32,1,100,10500000,858ded958c366ca3,10.8
standard,minimal.rv32i.Os.p0s0.t50000.h4,0004,dut,PASS,,5581973,1,0,False,minimal,rv32i,-Os,0,0,50000,4,,0,32,1,100,10500000,858ded958c366ca3,7.0
standard,minimal.rv32i.Os.p0s0.t50000.h4,0004,golden,PASS,,5582135,1,0,False,minimal,rv32i,-Os,0,0,50000,4,,0,32,1,100,10500000,858ded958c366ca3,8.9
standard,minimal.rv32i.Os.p0s0.t50000.h4,0005,dut,PASS,,5581993,1,0,False,minimal,rv32i,-Os,0,0,50000,4,,0,32,1,100,10500000,858ded958c366ca3,7.2
standard,minimal.rv32i.Os.p0s0.t50000.h4,0005,golden,PASS,,5581966,1,0,False,minimal,rv32i,-Os,0,0,50000,4,,0,32,1,100,10500000,858ded958c366ca3,11.1
standard,minimal.rv32i.Os.p0s0.t50000.h4,0006,dut,PASS,,5481929,1,0,False,minimal,rv32i,-Os,0,0,50000,4,,0,32,1,100,10500000,858ded958c366ca3,7.6
standard,minimal.rv32i.Os.p0s0.t50000.h4,0006,golden,PASS,,5482139,1,0,False,minimal,rv32i,-Os,0,0,50000,4,,0,32,1,100,10500000,858ded958c366ca3,10.7
standard,minimal.rv32i.Os.p0s0.t50000.h4,0007,dut,PASS,,5531987,1,0,False,minimal,rv32i,-Os,0,0,50000,4,,0,32,1,100,10500000,858ded958c366ca3,6.6
standard,minimal.rv32i.Os.p0s0.t50000.h4,0007,golden,PASS,,5532109,1,0,False,minimal,rv32i,-Os,0,0,50000,4,,0,32,1,100,10500000,858ded958c366ca3,14.1
standard,minimal.rv32i.Os.p0s0.t50000.h4,0008,dut,PASS,,5532055,1,0,False,minimal,rv32i,-Os,0,0,50000,4,,0,32,1,100,10500000,858ded958c366ca3,5.8
standard,minimal.rv32i.Os.p0s0.t50000.h4,0008,golden,PASS,,5531975,1,0,False,minimal,rv32i,-Os,0,0,50000,4,,0,32,1,100,10500000,858ded958c366ca3,10.7
standard,minimal.rv32i.Os.p1s0.t5000.h1,0001,dut,PASS,,5132914,12,0,False,minimal,rv32i,-Os,1,0,5000,1,,0,32,1,1000,10500000,bfea7850846ef8b6,4.8
standard,minimal.rv32i.Os.p1s0.t5000.h1,0001,golden,PASS,,5132919,12,0,False,minimal,rv32i,-Os,1,0,5000,1,,0,32,1,1000,10500000,bfea7850846ef8b6,9.6
standard,minimal.rv32i.Os.p1s0.t5000.h1,0002,dut,PASS,,5127916,12,0,False,minimal,rv32i,-Os,1,0,5000,1,,0,32,1,1000,10500000,bfea7850846ef8b6,6.4
standard,minimal.rv32i.Os.p1s0.t5000.h1,0002,golden,PASS,,5127919,12,0,False,minimal,rv32i,-Os,1,0,5000,1,,0,32,1,1000,10500000,bfea7850846ef8b6,10.3
standard,minimal.rv32i.Os.p1s0.t5000.h1,0003,dut,PASS,,5132954,11,0,False,minimal,rv32i,-Os,1,0,5000,1,,0,32,1,1000,10500000,bfea7850846ef8b6,7.1
standard,minimal.rv32i.Os.p1s0.t5000.h1,0003,golden,PASS,,5132959,11,0,False,minimal,rv32i,-Os,1,0,5000,1,,0,32,1,1000,10500000,bfea7850846ef8b6,8.1
standard,minimal.rv32i.Os.p1s0.t5000.h1,0004,dut,PASS,,5127915,12,0,False,minimal,rv32i,-Os,1,0,5000,1,,0,32,1,1000,10500000,bfea7850846ef8b6,6.4
standard,minimal.rv32i.Os.p1s0.t5000.h1,0004,golden,PASS,,5127919,12,0,False,minimal,rv32i,-Os,1,0,5000,1,,0,32,1,1000,10500000,bfea7850846ef8b6,7.6
standard,minimal.rv32i.Os.p1s0.t5000.h1,0005,dut,PASS,,5127954,12,0,False,minimal,rv32i,-Os,1,0,5000,1,,0,32,1,1000,10500000,bfea7850846ef8b6,6.1
standard,minimal.rv32i.Os.p1s0.t5000.h1,0005,golden,PASS,,5127960,12,0,False,minimal,rv32i,-Os,1,0,5000,1,,0,32,1,1000,10500000,bfea7850846ef8b6,9.9
standard,minimal.rv32i.Os.p1s0.t5000.h1,0006,dut,PASS,,5132915,12,0,False,minimal,rv32i,-Os,1,0,5000,1,,0,32,1,1000,10500000,bfea7850846ef8b6,8.1
standard,minimal.rv32i.Os.p1s0.t5000.h1,0006,golden,PASS,,5132919,12,0,False,minimal,rv32i,-Os,1,0,5000,1,,0,32,1,1000,10500000,bfea7850846ef8b6,14.7
standard,minimal.rv32i.Os.p1s0.t5000.h1,0007,dut,PASS,,5127914,12,0,False,minimal,rv32i,-Os,1,0,5000,1,,0,32,1,1000,10500000,bfea7850846ef8b6,5.9
standard,minimal.rv32i.Os.p1s0.t5000.h1,0007,golden,PASS,,5127919,12,0,False,minimal,rv32i,-Os,1,0,5000,1,,0,32,1,1000,10500000,bfea7850846ef8b6,8.8
standard,minimal.rv32i.Os.p1s0.t5000.h1,0008,dut,PASS,,5127914,12,0,False,minimal,rv32i,-Os,1,0,5000,1,,0,32,1,1000,10500000,bfea7850846ef8b6,6.0
standard,minimal.rv32i.Os.p1s0.t5000.h1,0008,golden,PASS,,5127919,12,0,False,minimal,rv32i,-Os,1,0,5000,1,,0,32,1,1000,10500000,bfea7850846ef8b6,10.0
standard,minimal.rv32im.O0.p0s1.t5000.h1,0001,dut,PASS,,5137660,12,0,False,minimal,rv32im,-O0,0,1,5000,1,,0,32,1,1000,13500000,c8cd5f2fa50ecbe9,6.6
standard,minimal.rv32im.O0.p0s1.t5000.h1,0002,dut,PASS,,5132726,12,0,False,minimal,rv32im,-O0,0,1,5000,1,,0,32,1,1000,13500000,c8cd5f2fa50ecbe9,4.8
standard,minimal.rv32im.O0.p0s1.t5000.h1,0003,dut,PASS,,5137724,11,0,False,minimal,rv32im,-O0,0,1,5000,1,,0,32,1,1000,13500000,c8cd5f2fa50ecbe9,7.2
standard,minimal.rv32im.O0.p0s1.t5000.h1,0004,dut,PASS,,5132654,12,0,False,minimal,rv32im,-O0,0,1,5000,1,,0,32,1,1000,13500000,c8cd5f2fa50ecbe9,6.4
standard,minimal.rv32im.O0.p0s1.t5000.h1,0005,dut,PASS,,5132729,12,0,False,minimal,rv32im,-O0,0,1,5000,1,,0,32,1,1000,13500000,c8cd5f2fa50ecbe9,7.7
standard,minimal.rv32im.O0.p0s1.t5000.h1,0006,dut,PASS,,5137630,12,0,False,minimal,rv32im,-O0,0,1,5000,1,,0,32,1,1000,13500000,c8cd5f2fa50ecbe9,6.5
standard,minimal.rv32im.O0.p0s1.t5000.h1,0007,dut,PASS,,5132660,12,0,False,minimal,rv32im,-O0,0,1,5000,1,,0,32,1,1000,13500000,c8cd5f2fa50ecbe9,5.2
standard,minimal.rv32im.O0.p0s1.t5000.h1,0008,dut,PASS,,5132657,12,0,False,minimal,rv32im,-O0,0,1,5000,1,,0,32,1,1000,13500000,c8cd5f2fa50ecbe9,6.3
standard,minimal.rv32im.O2.p1s1.t10000.h4,0001,dut,PASS,,5167973,6,0,False,minimal,rv32im,-O2,1,1,10000,4,,0,32,1,500,10500000,4844a1b8c97c8f1e,6.0
standard,minimal.rv32im.O2.p1s1.t10000.h4,0002,dut,PASS,,5157976,6,0,False,minimal,rv32im,-O2,1,1,10000,4,,0,32,1,500,10500000,4844a1b8c97c8f1e,6.0
standard,minimal.rv32im.O2.p1s1.t10000.h4,0003,dut,PASS,,5187973,6,0,False,minimal,rv32im,-O2,1,1,10000,4,,0,32,1,500,10500000,4844a1b8c97c8f1e,7.1
standard,minimal.rv32im.O2.p1s1.t10000.h4,0004,dut,PASS,,5157973,6,0,False,minimal,rv32im,-O2,1,1,10000,4,,0,32,1,500,10500000,4844a1b8c97c8f1e,6.1
standard,minimal.rv32im.O2.p1s1.t10000.h4,0005,dut,PASS,,5177973,6,0,False,minimal,rv32im,-O2,1,1,10000,4,,0,32,1,500,10500000,4844a1b8c97c8f1e,6.3
standard,minimal.rv32im.O2.p1s1.t10000.h4,0006,dut,PASS,,5167975,6,0,False,minimal,rv32im,-O2,1,1,10000,4,,0,32,1,500,10500000,4844a1b8c97c8f1e,7.4
standard,minimal.rv32im.O2.p1s1.t10000.h4,0007,dut,PASS,,5177976,6,0,False,minimal,rv32im,-O2,1,1,10000,4,,0,32,1,500,10500000,4844a1b8c97c8f1e,6.3
standard,minimal.rv32im.O2.p1s1.t10000.h4,0008,dut,PASS,,5187973,6,0,False,minimal,rv32im,-O2,1,1,10000,4,,0,32,1,500,10500000,4844a1b8c97c8f1e,5.8
standard,minimal.rv32im.Os.p1s0.t500.h4,0001,dut,PASS,,2090236,12,0,False,minimal,rv32im,-Os,1,0,500,4,,0,32,1,4000,6000000,ceb249037f2dd52e,2.4
standard,minimal.rv32im.Os.p1s0.t500.h4,0002,dut,PASS,,2089736,12,0,False,minimal,rv32im,-Os,1,0,500,4,,0,32,1,4000,6000000,ceb249037f2dd52e,2.6
standard,minimal.rv32im.Os.p1s0.t500.h4,0003,dut,PASS,,2089236,12,0,False,minimal,rv32im,-Os,1,0,500,4,,0,32,1,4000,6000000,ceb249037f2dd52e,2.5
standard,minimal.rv32im.Os.p1s0.t500.h4,0004,dut,PASS,,2088736,12,0,False,minimal,rv32im,-Os,1,0,500,4,,0,32,1,4000,6000000,ceb249037f2dd52e,2.3
standard,minimal.rv32im.Os.p1s0.t500.h4,0005,dut,PASS,,2092736,12,0,False,minimal,rv32im,-Os,1,0,500,4,,0,32,1,4000,6000000,ceb249037f2dd52e,2.6
standard,minimal.rv32im.Os.p1s0.t500.h4,0006,dut,PASS,,2088736,12,0,False,minimal,rv32im,-Os,1,0,500,4,,0,32,1,4000,6000000,ceb249037f2dd52e,2.5
standard,minimal.rv32im.Os.p1s0.t500.h4,0007,dut,PASS,,2090736,12,0,False,minimal,rv32im,-Os,1,0,500,4,,0,32,1,4000,6000000,ceb249037f2dd52e,2.4
standard,minimal.rv32im.Os.p1s0.t500.h4,0008,dut,PASS,,2091236,12,0,False,minimal,rv32im,-Os,1,0,500,4,,0,32,1,4000,6000000,ceb249037f2dd52e,2.5
standard,minimal.rv32im_zba.O0.p1s1.t50000.h4,0001,dut,PASS,,5488795,1,0,False,minimal,rv32im_zba,-O0,1,1,50000,4,,0,32,1,100,13500000,bae4e63d49f1f0b1,7.6
standard,minimal.rv32im_zba.O0.p1s1.t50000.h4,0002,dut,PASS,,5588795,1,0,False,minimal,rv32im_zba,-O0,1,1,50000,4,,0,32,1,100,13500000,bae4e63d49f1f0b1,6.6
standard,minimal.rv32im_zba.O0.p1s1.t50000.h4,0003,dut,PASS,,5638795,1,0,False,minimal,rv32im_zba,-O0,1,1,50000,4,,0,32,1,100,13500000,bae4e63d49f1f0b1,6.9
standard,minimal.rv32im_zba.O0.p1s1.t50000.h4,0004,dut,PASS,,5588795,1,0,False,minimal,rv32im_zba,-O0,1,1,50000,4,,0,32,1,100,13500000,bae4e63d49f1f0b1,5.1
standard,minimal.rv32im_zba.O0.p1s1.t50000.h4,0005,dut,PASS,,5588795,1,0,False,minimal,rv32im_zba,-O0,1,1,50000,4,,0,32,1,100,13500000,bae4e63d49f1f0b1,6.8
standard,minimal.rv32im_zba.O0.p1s1.t50000.h4,0006,dut,PASS,,5488795,1,0,False,minimal,rv32im_zba,-O0,1,1,50000,4,,0,32,1,100,13500000,bae4e63d49f1f0b1,6.7
standard,minimal.rv32im_zba.O0.p1s1.t50000.h4,0007,dut,PASS,,5538795,1,0,False,minimal,rv32im_zba,-O0,1,1,50000,4,,0,32,1,100,13500000,bae4e63d49f1f0b1,7.0
standard,minimal.rv32im_zba.O0.p1s1.t50000.h4,0008,dut,PASS,,5538795,1,0,False,minimal,rv32im_zba,-O0,1,1,50000,4,,0,32,1,100,13500000,bae4e63d49f1f0b1,10.0
standard,minimal.rv32im_zba.O2.p1s1.t5000.h1,0001,dut,PASS,,5128280,12,0,False,minimal,rv32im_zba,-O2,1,1,5000,1,,0,32,1,1000,10500000,2f3ca06d61472d0f,6.6
standard,minimal.rv32im_zba.O2.p1s1.t5000.h1,0002,dut,PASS,,5123280,12,0,False,minimal,rv32im_zba,-O2,1,1,5000,1,,0,32,1,1000,10500000,2f3ca06d61472d0f,6.0
standard,minimal.rv32im_zba.O2.p1s1.t5000.h1,0003,dut,PASS,,5128280,11,0,False,minimal,rv32im_zba,-O2,1,1,5000,1,,0,32,1,1000,10500000,2f3ca06d61472d0f,5.5
standard,minimal.rv32im_zba.O2.p1s1.t5000.h1,0004,dut,PASS,,5123280,12,0,False,minimal,rv32im_zba,-O2,1,1,5000,1,,0,32,1,1000,10500000,2f3ca06d61472d0f,6.5
standard,minimal.rv32im_zba.O2.p1s1.t5000.h1,0005,dut,PASS,,5123280,12,0,False,minimal,rv32im_zba,-O2,1,1,5000,1,,0,32,1,1000,10500000,2f3ca06d61472d0f,6.8
standard,minimal.rv32im_zba.O2.p1s1.t5000.h1,0006,dut,PASS,,5128280,12,0,False,minimal,rv32im_zba,-O2,1,1,5000,1,,0,32,1,1000,10500000,2f3ca06d61472d0f,5.3
standard,minimal.rv32im_zba.O2.p1s1.t5000.h1,0007,dut,PASS,,5123280,12,0,False,minimal,rv32im_zba,-O2,1,1,5000,1,,0,32,1,1000,10500000,2f3ca06d61472d0f,5.2
standard,minimal.rv32im_zba.O2.p1s1.t5000.h1,0008,dut,PASS,,5123284,12,0,False,minimal,rv32im_zba,-O2,1,1,5000,1,,0,32,1,1000,10500000,2f3ca06d61472d0f,6.2
standard,minimal.rv32im_zba.Os.p0s1.t10000.h4,0001,dut,PASS,,5171777,6,0,False,minimal,rv32im_zba,-Os,0,1,10000,4,,0,32,1,500,10500000,97cdf316a72d87ec,7.6
standard,minimal.rv32im_zba.Os.p0s1.t10000.h4,0002,dut,PASS,,5161609,6,0,False,minimal,rv32im_zba,-Os,0,1,10000,4,,0,32,1,500,10500000,97cdf316a72d87ec,6.5
standard,minimal.rv32im_zba.Os.p0s1.t10000.h4,0003,dut,PASS,,5191637,6,0,False,minimal,rv32im_zba,-Os,0,1,10000,4,,0,32,1,500,10500000,97cdf316a72d87ec,6.5
standard,minimal.rv32im_zba.Os.p0s1.t10000.h4,0004,dut,PASS,,5161667,6,0,False,minimal,rv32im_zba,-Os,0,1,10000,4,,0,32,1,500,10500000,97cdf316a72d87ec,6.8
standard,minimal.rv32im_zba.Os.p0s1.t10000.h4,0005,dut,PASS,,5181722,6,0,False,minimal,rv32im_zba,-Os,0,1,10000,4,,0,32,1,500,10500000,97cdf316a72d87ec,5.0
standard,minimal.rv32im_zba.Os.p0s1.t10000.h4,0006,dut,PASS,,5171754,6,0,False,minimal,rv32im_zba,-Os,0,1,10000,4,,0,32,1,500,10500000,97cdf316a72d87ec,6.2
standard,minimal.rv32im_zba.Os.p0s1.t10000.h4,0007,dut,PASS,,5181719,6,0,False,minimal,rv32im_zba,-Os,0,1,10000,4,,0,32,1,500,10500000,97cdf316a72d87ec,6.8
standard,minimal.rv32im_zba.Os.p0s1.t10000.h4,0008,dut,PASS,,5191612,6,0,False,minimal,rv32im_zba,-Os,0,1,10000,4,,0,32,1,500,10500000,97cdf316a72d87ec,7.4
standard,mzba.rv32i.O0.p1s0.t1500.h1,0001,dut,PASS,,51202179,86,0,False,mzba,rv32i,-O0,1,0,1500,1,,0,64,4,8334,81006000,13a44163936fb9e5,67.6
standard,mzba.rv32i.O0.p1s0.t1500.h1,0001,golden,PASS,,51202172,86,0,False,mzba,rv32i,-O0,1,0,1500,1,,0,64,4,8334,81006000,13a44163936fb9e5,106.7
standard,mzba.rv32i.O0.p1s0.t1500.h1,0002,dut,PASS,,51108541,86,0,False,mzba,rv32i,-O0,1,0,1500,1,,0,64,4,8334,81006000,13a44163936fb9e5,70.3
standard,mzba.rv32i.O0.p1s0.t1500.h1,0002,golden,PASS,,51108529,86,0,False,mzba,rv32i,-O0,1,0,1500,1,,0,64,4,8334,81006000,13a44163936fb9e5,117.9
standard,mzba.rv32i.O0.p1s0.t1500.h1,0003,dut,PASS,,51206355,86,0,False,mzba,rv32i,-O0,1,0,1500,1,,0,64,4,8334,81006000,13a44163936fb9e5,62.1
standard,mzba.rv32i.O0.p1s0.t1500.h1,0003,golden,PASS,,51206349,86,0,False,mzba,rv32i,-O0,1,0,1500,1,,0,64,4,8334,81006000,13a44163936fb9e5,103.0
standard,mzba.rv32i.O0.p1s0.t1500.h1,0004,dut,PASS,,51161274,86,0,False,mzba,rv32i,-O0,1,0,1500,1,,0,64,4,8334,81006000,13a44163936fb9e5,64.6
standard,mzba.rv32i.O0.p1s0.t1500.h1,0004,golden,PASS,,51161269,85,0,False,mzba,rv32i,-O0,1,0,1500,1,,0,64,4,8334,81006000,13a44163936fb9e5,112.6
standard,mzba.rv32i.O0.p1s0.t1500.h1,0005,dut,PASS,,51106114,87,0,False,mzba,rv32i,-O0,1,0,1500,1,,0,64,4,8334,81006000,13a44163936fb9e5,62.7
standard,mzba.rv32i.O0.p1s0.t1500.h1,0005,golden,PASS,,51106747,86,0,False,mzba,rv32i,-O0,1,0,1500,1,,0,64,4,8334,81006000,13a44163936fb9e5,114.6
standard,mzba.rv32i.O0.p1s0.t1500.h1,0006,dut,PASS,,51151658,86,0,False,mzba,rv32i,-O0,1,0,1500,1,,0,64,4,8334,81006000,13a44163936fb9e5,63.7
standard,mzba.rv32i.O0.p1s0.t1500.h1,0006,golden,PASS,,51151789,86,0,False,mzba,rv32i,-O0,1,0,1500,1,,0,64,4,8334,81006000,13a44163936fb9e5,115.2
standard,mzba.rv32i.O0.p1s0.t1500.h1,0007,dut,PASS,,51162684,86,0,False,mzba,rv32i,-O0,1,0,1500,1,,0,64,4,8334,81006000,13a44163936fb9e5,64.9
standard,mzba.rv32i.O0.p1s0.t1500.h1,0007,golden,PASS,,51162673,85,0,False,mzba,rv32i,-O0,1,0,1500,1,,0,64,4,8334,81006000,13a44163936fb9e5,92.5
standard,mzba.rv32i.O0.p1s0.t1500.h1,0008,dut,PASS,,51152841,86,0,False,mzba,rv32i,-O0,1,0,1500,1,,0,64,4,8334,81006000,13a44163936fb9e5,62.6
standard,mzba.rv32i.O0.p1s0.t1500.h1,0008,golden,PASS,,51152835,86,0,False,mzba,rv32i,-O0,1,0,1500,1,,0,64,4,8334,81006000,13a44163936fb9e5,94.4
standard,mzba.rv32i.O0.p1s1.t10000.h4,0001,dut,PASS,,11199646,59,0,False,mzba,rv32i,-O0,1,1,10000,4,,0,64,4,250,21000000,959d88b45708d43c,13.3
standard,mzba.rv32i.O0.p1s1.t10000.h4,0001,golden,PASS,,11199640,58,0,False,mzba,rv32i,-O0,1,1,10000,4,,0,64,4,250,21000000,959d88b45708d43c,23.1
standard,mzba.rv32i.O0.p1s1.t10000.h4,0002,dut,PASS,,11106945,59,0,False,mzba,rv32i,-O0,1,1,10000,4,,0,64,4,250,21000000,959d88b45708d43c,14.6
standard,mzba.rv32i.O0.p1s1.t10000.h4,0002,golden,PASS,,11106940,59,0,False,mzba,rv32i,-O0,1,1,10000,4,,0,64,4,250,21000000,959d88b45708d43c,27.0
standard,mzba.rv32i.O0.p1s1.t10000.h4,0003,dut,PASS,,11203407,58,0,False,mzba,rv32i,-O0,1,1,10000,4,,0,64,4,250,21000000,959d88b45708d43c,17.8
standard,mzba.rv32i.O0.p1s1.t10000.h4,0003,golden,PASS,,11203404,58,0,False,mzba,rv32i,-O0,1,1,10000,4,,0,64,4,250,21000000,959d88b45708d43c,22.0
standard,mzba.rv32i.O0.p1s1.t10000.h4,0004,dut,PASS,,11157909,57,0,False,mzba,rv32i,-O0,1,1,10000,4,,0,64,4,250,21000000,959d88b45708d43c,15.3
standard,mzba.rv32i.O0.p1s1.t10000.h4,0004,golden,PASS,,11157913,57,0,False,mzba,rv32i,-O0,1,1,10000,4,,0,64,4,250,21000000,959d88b45708d43c,19.7
standard,mzba.rv32i.O0.p1s1.t10000.h4,0005,dut,PASS,,11109629,61,0,False,mzba,rv32i,-O0,1,1,10000,4,,0,64,4,250,21000000,959d88b45708d43c,13.9
standard,mzba.rv32i.O0.p1s1.t10000.h4,0005,golden,PASS,,11109626,61,0,False,mzba,rv32i,-O0,1,1,10000,4,,0,64,4,250,21000000,959d88b45708d43c,21.9
standard,mzba.rv32i.O0.p1s1.t10000.h4,0006,dut,PASS,,11159618,57,0,False,mzba,rv32i,-O0,1,1,10000,4,,0,64,4,250,21000000,959d88b45708d43c,12.0
standard,mzba.rv32i.O0.p1s1.t10000.h4,0006,golden,PASS,,11158931,58,0,False,mzba,rv32i,-O0,1,1,10000,4,,0,64,4,250,21000000,959d88b45708d43c,21.9
standard,mzba.rv32i.O0.p1s1.t10000.h4,0007,dut,PASS,,11166366,57,0,False,mzba,rv32i,-O0,1,1,10000,4,,0,64,4,250,21000000,959d88b45708d43c,11.3
standard,mzba.rv32i.O0.p1s1.t10000.h4,0007,golden,PASS,,11166266,56,0,False,mzba,rv32i,-O0,1,1,10000,4,,0,64,4,250,21000000,959d88b45708d43c,27.0
standard,mzba.rv32i.O0.p1s1.t10000.h4,0008,dut,PASS,,11153018,58,0,False,mzba,rv32i,-O0,1,1,10000,4,,0,64,4,250,21000000,959d88b45708d43c,14.1
standard,mzba.rv32i.O0.p1s1.t10000.h4,0008,golden,PASS,,11152869,59,0,False,mzba,rv32i,-O0,1,1,10000,4,,0,64,4,250,21000000,959d88b45708d43c,24.6
standard,mzba.rv32i.O2.p0s1.t10000.h1,0001,dut,PASS,,6068907,36,0,False,mzba,rv32i,-O2,0,1,10000,1,,0,32,5,100,10500000,8efdac1478c9f9d7,9.0
standard,mzba.rv32i.O2.p0s1.t10000.h1,0001,golden,PASS,,6068833,37,0,False,mzba,rv32i,-O2,0,1,10000,1,,0,32,5,100,10500000,8efdac1478c9f9d7,11.8
standard,mzba.rv32i.O2.p0s1.t10000.h1,0002,dut,PASS,,5973259,37,0,False,mzba,rv32i,-O2,0,1,10000,1,,0,32,5,100,10500000,8efdac1478c9f9d7,7.6
standard,mzba.rv32i.O2.p0s1.t10000.h1,0002,golden,PASS,,5974194,37,0,False,mzba,rv32i,-O2,0,1,10000,1,,0,32,5,100,10500000,8efdac1478c9f9d7,11.1
standard,mzba.rv32i.O2.p0s1.t10000.h1,0003,dut,PASS,,6097974,38,0,False,mzba,rv32i,-O2,0,1,10000,1,,0,32,5,100,10500000,8efdac1478c9f9d7,7.3
standard,mzba.rv32i.O2.p0s1.t10000.h1,0003,golden,PASS,,6083070,37,0,False,mzba,rv32i,-O2,0,1,10000,1,,0,32,5,100,10500000,8efdac1478c9f9d7,15.5
standard,mzba.rv32i.O2.p0s1.t10000.h1,0004,dut,PASS,,6034182,36,0,False,mzba,rv32i,-O2,0,1,10000,1,,0,32,5,100,10500000,8efdac1478c9f9d7,7.8
standard,mzba.rv32i.O2.p0s1.t10000.h1,0004,golden,PASS,,6034712,36,0,False,mzba,rv32i,-O2,0,1,10000,1,,0,32,5,100,10500000,8efdac1478c9f9d7,8.6
standard,mzba.rv32i.O2.p0s1.t10000.h1,0005,dut,PASS,,5976587,36,0,False,mzba,rv32i,-O2,0,1,10000,1,,0,32,5,100,10500000,8efdac1478c9f9d7,7.0
standard,mzba.rv32i.O2.p0s1.t10000.h1,0005,golden,PASS,,5987857,36,0,False,mzba,rv32i,-O2,0,1,10000,1,,0,32,5,100,10500000,8efdac1478c9f9d7,10.6
standard,mzba.rv32i.O2.p0s1.t10000.h1,0006,dut,PASS,,6037414,37,0,False,mzba,rv32i,-O2,0,1,10000,1,,0,32,5,100,10500000,8efdac1478c9f9d7,7.8
standard,mzba.rv32i.O2.p0s1.t10000.h1,0006,golden,PASS,,6063945,39,0,False,mzba,rv32i,-O2,0,1,10000,1,,0,32,5,100,10500000,8efdac1478c9f9d7,11.6
standard,mzba.rv32i.O2.p0s1.t10000.h1,0007,dut,PASS,,6049915,36,0,False,mzba,rv32i,-O2,0,1,10000,1,,0,32,5,100,10500000,8efdac1478c9f9d7,5.5
standard,mzba.rv32i.O2.p0s1.t10000.h1,0007,golden,PASS,,6031857,35,0,False,mzba,rv32i,-O2,0,1,10000,1,,0,32,5,100,10500000,8efdac1478c9f9d7,9.0
standard,mzba.rv32i.O2.p0s1.t10000.h1,0008,dut,PASS,,6025969,39,0,False,mzba,rv32i,-O2,0,1,10000,1,,0,32,5,100,10500000,8efdac1478c9f9d7,8.3
standard,mzba.rv32i.O2.p0s1.t10000.h1,0008,golden,PASS,,6025807,37,0,False,mzba,rv32i,-O2,0,1,10000,1,,0,32,5,100,10500000,8efdac1478c9f9d7,11.3
standard,mzba.rv32i.O2.p1s1.t10000.h4,0001,dut,PASS,,6072507,32,0,False,mzba,rv32i,-O2,1,1,10000,4,,0,32,5,100,10500000,d1a223f0543594e9,6.4
standard,mzba.rv32i.O2.p1s1.t10000.h4,0001,golden,PASS,,6072858,32,0,False,mzba,rv32i,-O2,1,1,10000,4,,0,32,5,100,10500000,d1a223f0543594e9,11.0
standard,mzba.rv32i.O2.p1s1.t10000.h4,0002,dut,PASS,,5978046,34,0,False,mzba,rv32i,-O2,1,1,10000,4,,0,32,5,100,10500000,d1a223f0543594e9,8.4
standard,mzba.rv32i.O2.p1s1.t10000.h4,0002,golden,PASS,,5977999,34,0,False,mzba,rv32i,-O2,1,1,10000,4,,0,32,5,100,10500000,d1a223f0543594e9,11.4
standard,mzba.rv32i.O2.p1s1.t10000.h4,0003,dut,PASS,,6089931,33,0,False,mzba,rv32i,-O2,1,1,10000,4,,0,32,5,100,10500000,d1a223f0543594e9,7.1
standard,mzba.rv32i.O2.p1s1.t10000.h4,0003,golden,PASS,,6087223,34,0,False,mzba,rv32i,-O2,1,1,10000,4,,0,32,5,100,10500000,d1a223f0543594e9,10.7
standard,mzba.rv32i.O2.p1s1.t10000.h4,0004,dut,PASS,,6038641,34,0,False,mzba,rv32i,-O2,1,1,10000,4,,0,32,5,100,10500000,d1a223f0543594e9,7.8
standard,mzba.rv32i.O2.p1s1.t10000.h4,0004,golden,PASS,,6039343,33,0,False,mzba,rv32i,-O2,1,1,10000,4,,0,32,5,100,10500000,d1a223f0543594e9,9.9
standard,mzba.rv32i.O2.p1s1.t10000.h4,0005,dut,PASS,,5979656,34,0,False,mzba,rv32i,-O2,1,1,10000,4,,0,32,5,100,10500000,d1a223f0543594e9,8.9
standard,mzba.rv32i.O2.p1s1.t10000.h4,0005,golden,PASS,,5978309,36,0,False,mzba,rv32i,-O2,1,1,10000,4,,0,32,5,100,10500000,d1a223f0543594e9,9.2
standard,mzba.rv32i.O2.p1s1.t10000.h4,0006,dut,PASS,,6034589,34,0,False,mzba,rv32i,-O2,1,1,10000,4,,0,32,5,100,10500000,d1a223f0543594e9,7.4
standard,mzba.rv32i.O2.p1s1.t10000.h4,0006,golden,PASS,,6037307,33,0,False,mzba,rv32i,-O2,1,1,10000,4,,0,32,5,100,10500000,d1a223f0543594e9,12.3
standard,mzba.rv32i.O2.p1s1.t10000.h4,0007,dut,PASS,,6035578,31,0,False,mzba,rv32i,-O2,1,1,10000,4,,0,32,5,100,10500000,d1a223f0543594e9,7.3
standard,mzba.rv32i.O2.p1s1.t10000.h4,0007,golden,PASS,,6036055,29,0,False,mzba,rv32i,-O2,1,1,10000,4,,0,32,5,100,10500000,d1a223f0543594e9,12.4
standard,mzba.rv32i.O2.p1s1.t10000.h4,0008,dut,PASS,,6035185,34,0,False,mzba,rv32i,-O2,1,1,10000,4,,0,32,5,100,10500000,d1a223f0543594e9,5.8
standard,mzba.rv32i.O2.p1s1.t10000.h4,0008,golden,PASS,,6035207,33,0,False,mzba,rv32i,-O2,1,1,10000,4,,0,32,5,100,10500000,d1a223f0543594e9,12.5
standard,mzba.rv32i.O2.p1s1.t500.h4,0001,dut,PASS,,25078421,37,0,False,mzba,rv32i,-O2,1,1,500,4,,0,32,4,12000,39000000,c9b8af0ac016a74c,37.0
standard,mzba.rv32i.O2.p1s1.t500.h4,0001,golden,PASS,,25078639,36,0,False,mzba,rv32i,-O2,1,1,500,4,,0,32,4,12000,39000000,c9b8af0ac016a74c,45.2
standard,mzba.rv32i.O2.p1s1.t500.h4,0002,dut,PASS,,24980340,38,0,False,mzba,rv32i,-O2,1,1,500,4,,0,32,4,12000,39000000,c9b8af0ac016a74c,36.6
standard,mzba.rv32i.O2.p1s1.t500.h4,0002,golden,PASS,,24980305,38,0,False,mzba,rv32i,-O2,1,1,500,4,,0,32,4,12000,39000000,c9b8af0ac016a74c,43.7
standard,mzba.rv32i.O2.p1s1.t500.h4,0003,dut,PASS,,25084181,37,0,False,mzba,rv32i,-O2,1,1,500,4,,0,32,4,12000,39000000,c9b8af0ac016a74c,51.1
standard,mzba.rv32i.O2.p1s1.t500.h4,0003,golden,PASS,,25084138,36,0,False,mzba,rv32i,-O2,1,1,500,4,,0,32,4,12000,39000000,c9b8af0ac016a74c,47.8
standard,mzba.rv32i.O2.p1s1.t500.h4,0004,dut,PASS,,25033108,37,0,False,mzba,rv32i,-O2,1,1,500,4,,0,32,4,12000,39000000,c9b8af0ac016a74c,37.1
standard,mzba.rv32i.O2.p1s1.t500.h4,0004,golden,PASS,,25032678,37,0,False,mzba,rv32i,-O2,1,1,500,4,,0,32,4,12000,39000000,c9b8af0ac016a74c,47.7
standard,mzba.rv32i.O2.p1s1.t500.h4,0005,dut,PASS,,24985919,37,0,False,mzba,rv32i,-O2,1,1,500,4,,0,32,4,12000,39000000,c9b8af0ac016a74c,41.6
standard,mzba.rv32i.O2.p1s1.t500.h4,0005,golden,PASS,,24985883,36,0,False,mzba,rv32i,-O2,1,1,500,4,,0,32,4,12000,39000000,c9b8af0ac016a74c,44.6
standard,mzba.rv32i.O2.p1s1.t500.h4,0006,dut,PASS,,25029984,37,0,False,mzba,rv32i,-O2,1,1,500,4,,0,32,4,12000,39000000,c9b8af0ac016a74c,42.0
standard,mzba.rv32i.O2.p1s1.t500.h4,0006,golden,PASS,,25029842,37,0,False,mzba,rv32i,-O2,1,1,500,4,,0,32,4,12000,39000000,c9b8af0ac016a74c,43.7
standard,mzba.rv32i.O2.p1s1.t500.h4,0007,dut,PASS,,25042453,37,0,False,mzba,rv32i,-O2,1,1,500,4,,0,32,4,12000,39000000,c9b8af0ac016a74c,36.1
standard,mzba.rv32i.O2.p1s1.t500.h4,0007,golden,PASS,,25042307,37,0,False,mzba,rv32i,-O2,1,1,500,4,,0,32,4,12000,39000000,c9b8af0ac016a74c,62.2
standard,mzba.rv32i.O2.p1s1.t500.h4,0008,dut,PASS,,25030538,37,0,False,mzba,rv32i,-O2,1,1,500,4,,0,32,4,12000,39000000,c9b8af0ac016a74c,35.4
standard,mzba.rv32i.O2.p1s1.t500.h4,0008,golden,PASS,,25030608,37,0,False,mzba,rv32i,-O2,1,1,500,4,,0,32,4,12000,39000000,c9b8af0ac016a74c,58.3
standard,mzba.rv32i.Os.p0s0.t50000.h4,0001,dut,PASS,,6215761,32,0,False,mzba,rv32i,-Os,0,0,50000,4,,0,32,5,20,10500000,5d17e47a6342910b,7.0
standard,mzba.rv32i.Os.p0s0.t50000.h4,0001,golden,PASS,,6157205,33,0,False,mzba,rv32i,-Os,0,0,50000,4,,0,32,5,20,10500000,5d17e47a6342910b,10.5
standard,mzba.rv32i.Os.p0s0.t50000.h4,0002,dut,PASS,,6050517,31,0,False,mzba,rv32i,-Os,0,0,50000,4,,0,32,5,20,10500000,5d17e47a6342910b,7.7
standard,mzba.rv32i.Os.p0s0.t50000.h4,0002,golden,PASS,,6050217,32,0,False,mzba,rv32i,-Os,0,0,50000,4,,0,32,5,20,10500000,5d17e47a6342910b,9.5
standard,mzba.rv32i.Os.p0s0.t50000.h4,0003,dut,PASS,,6154504,36,0,False,mzba,rv32i,-Os,0,0,50000,4,,0,32,5,20,10500000,5d17e47a6342910b,5.9
standard,mzba.rv32i.Os.p0s0.t50000.h4,0003,golden,PASS,,6152515,33,0,False,mzba,rv32i,-Os,0,0,50000,4,,0,32,5,20,10500000,5d17e47a6342910b,11.2
standard,mzba.rv32i.Os.p0s0.t50000.h4,0004,dut,PASS,,6108666,31,0,False,mzba,rv32i,-Os,0,0,50000,4,,0,32,5,20,10500000,5d17e47a6342910b,7.9
standard,mzba.rv32i.Os.p0s0.t50000.h4,0004,golden,PASS,,6153036,32,0,False,mzba,rv32i,-Os,0,0,50000,4,,0,32,5,20,10500000,5d17e47a6342910b,11.7
standard,mzba.rv32i.Os.p0s0.t50000.h4,0005,dut,PASS,,6058725,33,0,False,mzba,rv32i,-Os,0,0,50000,4,,0,32,5,20,10500000,5d17e47a6342910b,8.4
standard,mzba.rv32i.Os.p0s0.t50000.h4,0005,golden,PASS,,6057168,32,0,False,mzba,rv32i,-Os,0,0,50000,4,,0,32,5,20,10500000,5d17e47a6342910b,12.2
standard,mzba.rv32i.Os.p0s0.t50000.h4,0006,dut,PASS,,6106362,34,0,False,mzba,rv32i,-Os,0,0,50000,4,,0,32,5,20,10500000,5d17e47a6342910b,7.9
standard,mzba.rv32i.Os.p0s0.t50000.h4,0006,golden,PASS,,6114802,33,0,False,mzba,rv32i,-Os,0,0,50000,4,,0,32,5,20,10500000,5d17e47a6342910b,10.7
standard,mzba.rv32i.Os.p0s0.t50000.h4,0007,dut,PASS,,6137806,32,0,False,mzba,rv32i,-Os,0,0,50000,4,,0,32,5,20,10500000,5d17e47a6342910b,7.7
standard,mzba.rv32i.Os.p0s0.t50000.h4,0007,golden,PASS,,6114497,34,0,False,mzba,rv32i,-Os,0,0,50000,4,,0,32,5,20,10500000,5d17e47a6342910b,9.6
standard,mzba.rv32i.Os.p0s0.t50000.h4,0008,dut,PASS,,6100930,34,0,False,mzba,rv32i,-Os,0,0,50000,4,,0,32,5,20,10500000,5d17e47a6342910b,7.3
standard,mzba.rv32i.Os.p0s0.t50000.h4,0008,golden,PASS,,6150124,35,0,False,mzba,rv32i,-Os,0,0,50000,4,,0,32,5,20,10500000,5d17e47a6342910b,11.8
standard,mzba.rv32i.Os.p1s0.t5000.h1,0001,dut,PASS,,6155059,32,0,False,mzba,rv32i,-Os,1,0,5000,1,,0,32,5,200,10500000,962997dd77bed021,8.1
standard,mzba.rv32i.Os.p1s0.t5000.h1,0001,golden,PASS,,6154172,32,0,False,mzba,rv32i,-Os,1,0,5000,1,,0,32,5,200,10500000,962997dd77bed021,11.8
standard,mzba.rv32i.Os.p1s0.t5000.h1,0002,dut,PASS,,6053455,34,0,False,mzba,rv32i,-Os,1,0,5000,1,,0,32,5,200,10500000,962997dd77bed021,6.8
standard,mzba.rv32i.Os.p1s0.t5000.h1,0002,golden,PASS,,6053035,35,0,False,mzba,rv32i,-Os,1,0,5000,1,,0,32,5,200,10500000,962997dd77bed021,10.5
standard,mzba.rv32i.Os.p1s0.t5000.h1,0003,dut,PASS,,6160015,34,0,False,mzba,rv32i,-Os,1,0,5000,1,,0,32,5,200,10500000,962997dd77bed021,6.2
standard,mzba.rv32i.Os.p1s0.t5000.h1,0003,golden,PASS,,6160020,34,0,False,mzba,rv32i,-Os,1,0,5000,1,,0,32,5,200,10500000,962997dd77bed021,10.7
standard,mzba.rv32i.Os.p1s0.t5000.h1,0004,dut,PASS,,6116736,33,0,False,mzba,rv32i,-Os,1,0,5000,1,,0,32,5,200,10500000,962997dd77bed021,7.4
standard,mzba.rv32i.Os.p1s0.t5000.h1,0004,golden,PASS,,6116200,33,0,False,mzba,rv32i,-Os,1,0,5000,1,,0,32,5,200,10500000,962997dd77bed021,8.7
standard,mzba.rv32i.Os.p1s0.t5000.h1,0005,dut,PASS,,6060450,36,0,False,mzba,rv32i,-Os,1,0,5000,1,,0,32,5,200,10500000,962997dd77bed021,8.3
standard,mzba.rv32i.Os.p1s0.t5000.h1,0005,golden,PASS,,6059476,37,0,False,mzba,rv32i,-Os,1,0,5000,1,,0,32,5,200,10500000,962997dd77bed021,11.4
standard,mzba.rv32i.Os.p1s0.t5000.h1,0006,dut,PASS,,6110868,33,0,False,mzba,rv32i,-Os,1,0,5000,1,,0,32,5,200,10500000,962997dd77bed021,7.4
standard,mzba.rv32i.Os.p1s0.t5000.h1,0006,golden,PASS,,6110808,33,0,False,mzba,rv32i,-Os,1,0,5000,1,,0,32,5,200,10500000,962997dd77bed021,8.2
standard,mzba.rv32i.Os.p1s0.t5000.h1,0007,dut,PASS,,6112584,30,0,False,mzba,rv32i,-Os,1,0,5000,1,,0,32,5,200,10500000,962997dd77bed021,7.1
standard,mzba.rv32i.Os.p1s0.t5000.h1,0007,golden,PASS,,6119977,30,0,False,mzba,rv32i,-Os,1,0,5000,1,,0,32,5,200,10500000,962997dd77bed021,11.8
standard,mzba.rv32i.Os.p1s0.t5000.h1,0008,dut,PASS,,6110562,34,0,False,mzba,rv32i,-Os,1,0,5000,1,,0,32,5,200,10500000,962997dd77bed021,5.7
standard,mzba.rv32i.Os.p1s0.t5000.h1,0008,golden,PASS,,6110885,34,0,False,mzba,rv32i,-Os,1,0,5000,1,,0,32,5,200,10500000,962997dd77bed021,13.4
standard,mzba.rv32im.O0.p0s1.t5000.h1,0001,dut,PASS,,8749667,38,0,False,mzba,rv32im,-O0,0,1,5000,1,,0,64,4,400,18000000,a9caaa821d28db44,10.4
standard,mzba.rv32im.O0.p0s1.t5000.h1,0002,dut,PASS,,8710871,39,0,False,mzba,rv32im,-O0,0,1,5000,1,,0,64,4,400,18000000,a9caaa821d28db44,16.3
standard,mzba.rv32im.O0.p0s1.t5000.h1,0003,dut,PASS,,8757631,39,0,False,mzba,rv32im,-O0,0,1,5000,1,,0,64,4,400,18000000,a9caaa821d28db44,10.5
standard,mzba.rv32im.O0.p0s1.t5000.h1,0004,dut,PASS,,8731150,37,0,False,mzba,rv32im,-O0,0,1,5000,1,,0,64,4,400,18000000,a9caaa821d28db44,8.8
standard,mzba.rv32im.O0.p0s1.t5000.h1,0005,dut,PASS,,8709847,38,0,False,mzba,rv32im,-O0,0,1,5000,1,,0,64,4,400,18000000,a9caaa821d28db44,10.8
standard,mzba.rv32im.O0.p0s1.t5000.h1,0006,dut,PASS,,8730755,38,0,False,mzba,rv32im,-O0,0,1,5000,1,,0,64,4,400,18000000,a9caaa821d28db44,8.3
standard,mzba.rv32im.O0.p0s1.t5000.h1,0007,dut,PASS,,8730676,38,0,False,mzba,rv32im,-O0,0,1,5000,1,,0,64,4,400,18000000,a9caaa821d28db44,11.3
standard,mzba.rv32im.O0.p0s1.t5000.h1,0008,dut,PASS,,8732665,38,0,False,mzba,rv32im,-O0,0,1,5000,1,,0,64,4,400,18000000,a9caaa821d28db44,11.2
standard,mzba.rv32im.O2.p1s1.t10000.h4,0001,dut,PASS,,5434239,50,0,False,mzba,rv32im,-O2,1,1,10000,4,,0,32,12,40,10200000,cd906b6214b327cb,8.4
standard,mzba.rv32im.O2.p1s1.t10000.h4,0002,dut,PASS,,5383979,49,0,False,mzba,rv32im,-O2,1,1,10000,4,,0,32,12,40,10200000,cd906b6214b327cb,8.7
standard,mzba.rv32im.O2.p1s1.t10000.h4,0003,dut,PASS,,5437388,50,0,False,mzba,rv32im,-O2,1,1,10000,4,,0,32,12,40,10200000,cd906b6214b327cb,5.1
standard,mzba.rv32im.O2.p1s1.t10000.h4,0004,dut,PASS,,5413661,50,0,False,mzba,rv32im,-O2,1,1,10000,4,,0,32,12,40,10200000,cd906b6214b327cb,6.4
standard,mzba.rv32im.O2.p1s1.t10000.h4,0005,dut,PASS,,5383543,50,0,False,mzba,rv32im,-O2,1,1,10000,4,,0,32,12,40,10200000,cd906b6214b327cb,6.6
standard,mzba.rv32im.O2.p1s1.t10000.h4,0006,dut,PASS,,5408436,50,0,False,mzba,rv32im,-O2,1,1,10000,4,,0,32,12,40,10200000,cd906b6214b327cb,6.5
standard,mzba.rv32im.O2.p1s1.t10000.h4,0007,dut,PASS,,5411822,49,0,False,mzba,rv32im,-O2,1,1,10000,4,,0,32,12,40,10200000,cd906b6214b327cb,7.3
standard,mzba.rv32im.O2.p1s1.t10000.h4,0008,dut,PASS,,5409383,50,0,False,mzba,rv32im,-O2,1,1,10000,4,,0,32,12,40,10200000,cd906b6214b327cb,7.1
standard,mzba.rv32im.Os.p1s0.t500.h4,0001,dut,PASS,,10277680,19,0,False,mzba,rv32im,-Os,1,0,500,4,,0,32,4,4800,17400000,fe3c3f7fb2dca0e7,12.7
standard,mzba.rv32im.Os.p1s0.t500.h4,0002,dut,PASS,,10229981,19,0,False,mzba,rv32im,-Os,1,0,500,4,,0,32,4,4800,17400000,fe3c3f7fb2dca0e7,13.3
standard,mzba.rv32im.Os.p1s0.t500.h4,0003,dut,PASS,,10279092,19,0,False,mzba,rv32im,-Os,1,0,500,4,,0,32,4,4800,17400000,fe3c3f7fb2dca0e7,11.1
standard,mzba.rv32im.Os.p1s0.t500.h4,0004,dut,PASS,,10255955,19,0,False,mzba,rv32im,-Os,1,0,500,4,,0,32,4,4800,17400000,fe3c3f7fb2dca0e7,9.7
standard,mzba.rv32im.Os.p1s0.t500.h4,0005,dut,PASS,,10227892,19,0,False,mzba,rv32im,-Os,1,0,500,4,,0,32,4,4800,17400000,fe3c3f7fb2dca0e7,13.6
standard,mzba.rv32im.Os.p1s0.t500.h4,0006,dut,PASS,,10251514,19,0,False,mzba,rv32im,-Os,1,0,500,4,,0,32,4,4800,17400000,fe3c3f7fb2dca0e7,12.1
standard,mzba.rv32im.Os.p1s0.t500.h4,0007,dut,PASS,,10256993,19,0,False,mzba,rv32im,-Os,1,0,500,4,,0,32,4,4800,17400000,fe3c3f7fb2dca0e7,18.4
standard,mzba.rv32im.Os.p1s0.t500.h4,0008,dut,PASS,,10252081,19,0,False,mzba,rv32im,-Os,1,0,500,4,,0,32,4,4800,17400000,fe3c3f7fb2dca0e7,14.8
standard,mzba.rv32im_zba.O0.p1s1.t50000.h4,0001,dut,PASS,,5759254,34,0,False,mzba,rv32im_zba,-O0,1,1,50000,4,,0,64,5,20,13500000,301d6a8c8dd8cfbf,7.2
standard,mzba.rv32im_zba.O0.p1s1.t50000.h4,0002,dut,PASS,,5710158,36,0,False,mzba,rv32im_zba,-O0,1,1,50000,4,,0,64,5,20,13500000,301d6a8c8dd8cfbf,7.6
standard,mzba.rv32im_zba.O0.p1s1.t50000.h4,0003,dut,PASS,,5759402,33,0,False,mzba,rv32im_zba,-O0,1,1,50000,4,,0,64,5,20,13500000,301d6a8c8dd8cfbf,7.4
standard,mzba.rv32im_zba.O0.p1s1.t50000.h4,0004,dut,PASS,,5738635,34,0,False,mzba,rv32im_zba,-O0,1,1,50000,4,,0,64,5,20,13500000,301d6a8c8dd8cfbf,7.3
standard,mzba.rv32im_zba.O0.p1s1.t50000.h4,0005,dut,PASS,,5713232,33,0,False,mzba,rv32im_zba,-O0,1,1,50000,4,,0,64,5,20,13500000,301d6a8c8dd8cfbf,7.2
standard,mzba.rv32im_zba.O0.p1s1.t50000.h4,0006,dut,PASS,,5734306,37,0,False,mzba,rv32im_zba,-O0,1,1,50000,4,,0,64,5,20,13500000,301d6a8c8dd8cfbf,5.4
standard,mzba.rv32im_zba.O0.p1s1.t50000.h4,0007,dut,PASS,,5740885,33,0,False,mzba,rv32im_zba,-O0,1,1,50000,4,,0,64,5,20,13500000,301d6a8c8dd8cfbf,5.3
standard,mzba.rv32im_zba.O0.p1s1.t50000.h4,0008,dut,PASS,,5734685,34,0,False,mzba,rv32im_zba,-O0,1,1,50000,4,,0,64,5,20,13500000,301d6a8c8dd8cfbf,7.0
standard,mzba.rv32im_zba.O2.p1s1.t5000.h1,0001,dut,PASS,,5429921,50,0,False,mzba,rv32im_zba,-O2,1,1,5000,1,,0,32,12,80,10200000,42a3611c584e229a,5.9
standard,mzba.rv32im_zba.O2.p1s1.t5000.h1,0002,dut,PASS,,5382685,50,0,False,mzba,rv32im_zba,-O2,1,1,5000,1,,0,32,12,80,10200000,42a3611c584e229a,7.5
standard,mzba.rv32im_zba.O2.p1s1.t5000.h1,0003,dut,PASS,,5431330,49,0,False,mzba,rv32im_zba,-O2,1,1,5000,1,,0,32,12,80,10200000,42a3611c584e229a,6.6
standard,mzba.rv32im_zba.O2.p1s1.t5000.h1,0004,dut,PASS,,5408158,50,0,False,mzba,rv32im_zba,-O2,1,1,5000,1,,0,32,12,80,10200000,42a3611c584e229a,6.8
standard,mzba.rv32im_zba.O2.p1s1.t5000.h1,0005,dut,PASS,,5381071,50,0,False,mzba,rv32im_zba,-O2,1,1,5000,1,,0,32,12,80,10200000,42a3611c584e229a,6.1
standard,mzba.rv32im_zba.O2.p1s1.t5000.h1,0006,dut,PASS,,5405667,50,0,False,mzba,rv32im_zba,-O2,1,1,5000,1,,0,32,12,80,10200000,42a3611c584e229a,6.4
standard,mzba.rv32im_zba.O2.p1s1.t5000.h1,0007,dut,PASS,,5409778,50,0,False,mzba,rv32im_zba,-O2,1,1,5000,1,,0,32,12,80,10200000,42a3611c584e229a,7.1
standard,mzba.rv32im_zba.O2.p1s1.t5000.h1,0008,dut,PASS,,5405414,50,0,False,mzba,rv32im_zba,-O2,1,1,5000,1,,0,32,12,80,10200000,42a3611c584e229a,6.6
standard,mzba.rv32im_zba.Os.p0s1.t10000.h4,0001,dut,PASS,,5473802,50,0,False,mzba,rv32im_zba,-Os,0,1,10000,4,,0,32,12,40,10200000,82dd8ca6035fd238,7.0
standard,mzba.rv32im_zba.Os.p0s1.t10000.h4,0002,dut,PASS,,5432456,51,0,False,mzba,rv32im_zba,-Os,0,1,10000,4,,0,32,12,40,10200000,82dd8ca6035fd238,6.2
standard,mzba.rv32im_zba.Os.p0s1.t10000.h4,0003,dut,PASS,,5474431,50,0,False,mzba,rv32im_zba,-Os,0,1,10000,4,,0,32,12,40,10200000,82dd8ca6035fd238,7.0
standard,mzba.rv32im_zba.Os.p0s1.t10000.h4,0004,dut,PASS,,5456380,51,0,False,mzba,rv32im_zba,-Os,0,1,10000,4,,0,32,12,40,10200000,82dd8ca6035fd238,6.1
standard,mzba.rv32im_zba.Os.p0s1.t10000.h4,0005,dut,PASS,,5428252,50,0,False,mzba,rv32im_zba,-Os,0,1,10000,4,,0,32,12,40,10200000,82dd8ca6035fd238,6.2
standard,mzba.rv32im_zba.Os.p0s1.t10000.h4,0006,dut,PASS,,5446208,50,0,False,mzba,rv32im_zba,-Os,0,1,10000,4,,0,32,12,40,10200000,82dd8ca6035fd238,6.0
standard,mzba.rv32im_zba.Os.p0s1.t10000.h4,0007,dut,PASS,,5453569,51,0,False,mzba,rv32im_zba,-Os,0,1,10000,4,,0,32,12,40,10200000,82dd8ca6035fd238,7.3
standard,mzba.rv32im_zba.Os.p0s1.t10000.h4,0008,dut,PASS,,5456420,51,0,False,mzba,rv32im_zba,-Os,0,1,10000,4,,0,32,12,40,10200000,82dd8ca6035fd238,7.4
standard,stress.noyield.rv32i.O0.p1s0.t1500.h1,0001,dut,PASS,,20217199,37,0,False,stress,rv32i,-O0,1,0,1500,1,noyield,0,64,4,3334,36006000,9e837206ba36d23d,28.0
standard,stress.noyield.rv32i.O0.p1s0.t1500.h1,0001,golden,PASS,,20217355,37,0,False,stress,rv32i,-O0,1,0,1500,1,noyield,0,64,4,3334,36006000,9e837206ba36d23d,36.4
standard,stress.noyield.rv32i.O0.p1s0.t1500.h1,0002,dut,PASS,,20215903,36,0,False,stress,rv32i,-O0,1,0,1500,1,noyield,0,64,4,3334,36006000,9e837206ba36d23d,26.9
standard,stress.noyield.rv32i.O0.p1s0.t1500.h1,0002,golden,PASS,,20216208,36,0,False,stress,rv32i,-O0,1,0,1500,1,noyield,0,64,4,3334,36006000,9e837206ba36d23d,42.3
standard,stress.noyield.rv32i.O0.p1s0.t1500.h1,0003,dut,PASS,,20218471,37,0,False,stress,rv32i,-O0,1,0,1500,1,noyield,0,64,4,3334,36006000,9e837206ba36d23d,27.1
standard,stress.noyield.rv32i.O0.p1s0.t1500.h1,0003,golden,PASS,,20217587,36,0,False,stress,rv32i,-O0,1,0,1500,1,noyield,0,64,4,3334,36006000,9e837206ba36d23d,42.2
standard,stress.noyield.rv32i.O0.p1s0.t1500.h1,0004,dut,PASS,,20217471,37,0,False,stress,rv32i,-O0,1,0,1500,1,noyield,0,64,4,3334,36006000,9e837206ba36d23d,35.9
standard,stress.noyield.rv32i.O0.p1s0.t1500.h1,0004,golden,PASS,,20215964,37,0,False,stress,rv32i,-O0,1,0,1500,1,noyield,0,64,4,3334,36006000,9e837206ba36d23d,42.5
standard,stress.noyield.rv32i.O0.p1s0.t1500.h1,0005,dut,PASS,,20216954,36,0,False,stress,rv32i,-O0,1,0,1500,1,noyield,0,64,4,3334,36006000,9e837206ba36d23d,36.0
standard,stress.noyield.rv32i.O0.p1s0.t1500.h1,0005,golden,PASS,,20217112,37,0,False,stress,rv32i,-O0,1,0,1500,1,noyield,0,64,4,3334,36006000,9e837206ba36d23d,38.0
standard,stress.noyield.rv32i.O0.p1s0.t1500.h1,0006,dut,PASS,,20218557,36,0,False,stress,rv32i,-O0,1,0,1500,1,noyield,0,64,4,3334,36006000,9e837206ba36d23d,25.3
standard,stress.noyield.rv32i.O0.p1s0.t1500.h1,0006,golden,PASS,,20217210,37,0,False,stress,rv32i,-O0,1,0,1500,1,noyield,0,64,4,3334,36006000,9e837206ba36d23d,43.4
standard,stress.noyield.rv32i.O0.p1s0.t1500.h1,0007,dut,PASS,,20216757,37,0,False,stress,rv32i,-O0,1,0,1500,1,noyield,0,64,4,3334,36006000,9e837206ba36d23d,33.7
standard,stress.noyield.rv32i.O0.p1s0.t1500.h1,0007,golden,PASS,,20216221,37,0,False,stress,rv32i,-O0,1,0,1500,1,noyield,0,64,4,3334,36006000,9e837206ba36d23d,38.1
standard,stress.noyield.rv32i.O0.p1s0.t1500.h1,0008,dut,PASS,,20217382,37,0,False,stress,rv32i,-O0,1,0,1500,1,noyield,0,64,4,3334,36006000,9e837206ba36d23d,29.7
standard,stress.noyield.rv32i.O0.p1s0.t1500.h1,0008,golden,PASS,,20217728,36,0,False,stress,rv32i,-O0,1,0,1500,1,noyield,0,64,4,3334,36006000,9e837206ba36d23d,47.7
standard,stress.noyield.rv32i.O0.p1s1.t10000.h4,0001,dut,PASS,,5216132,40,0,False,stress,rv32i,-O0,1,1,10000,4,noyield,0,64,5,100,13500000,fd5857d55768d542,6.7
standard,stress.noyield.rv32i.O0.p1s1.t10000.h4,0001,golden,PASS,,5215680,40,0,False,stress,rv32i,-O0,1,1,10000,4,noyield,0,64,5,100,13500000,fd5857d55768d542,13.0
standard,stress.noyield.rv32i.O0.p1s1.t10000.h4,0002,dut,PASS,,5216315,42,0,False,stress,rv32i,-O0,1,1,10000,4,noyield,0,64,5,100,13500000,fd5857d55768d542,7.0
standard,stress.noyield.rv32i.O0.p1s1.t10000.h4,0002,golden,PASS,,5212120,41,0,False,stress,rv32i,-O0,1,1,10000,4,noyield,0,64,5,100,13500000,fd5857d55768d542,9.0
standard,stress.noyield.rv32i.O0.p1s1.t10000.h4,0003,dut,PASS,,5215511,39,0,False,stress,rv32i,-O0,1,1,10000,4,noyield,0,64,5,100,13500000,fd5857d55768d542,6.5
standard,stress.noyield.rv32i.O0.p1s1.t10000.h4,0003,golden,PASS,,5215025,40,0,False,stress,rv32i,-O0,1,1,10000,4,noyield,0,64,5,100,13500000,fd5857d55768d542,15.8
standard,stress.noyield.rv32i.O0.p1s1.t10000.h4,0004,dut,PASS,,5214979,39,0,False,stress,rv32i,-O0,1,1,10000,4,noyield,0,64,5,100,13500000,fd5857d55768d542,6.6
standard,stress.noyield.rv32i.O0.p1s1.t10000.h4,0004,golden,PASS,,5215050,39,0,False,stress,rv32i,-O0,1,1,10000,4,noyield,0,64,5,100,13500000,fd5857d55768d542,12.1
standard,stress.noyield.rv32i.O0.p1s1.t10000.h4,0005,dut,PASS,,5214782,39,0,False,stress,rv32i,-O0,1,1,10000,4,noyield,0,64,5,100,13500000,fd5857d55768d542,5.4
standard,stress.noyield.rv32i.O0.p1s1.t10000.h4,0005,golden,PASS,,5215652,39,0,False,stress,rv32i,-O0,1,1,10000,4,noyield,0,64,5,100,13500000,fd5857d55768d542,10.8
standard,stress.noyield.rv32i.O0.p1s1.t10000.h4,0006,dut,PASS,,5216884,39,0,False,stress,rv32i,-O0,1,1,10000,4,noyield,0,64,5,100,13500000,fd5857d55768d542,5.0
standard,stress.noyield.rv32i.O0.p1s1.t10000.h4,0006,golden,PASS,,5216865,39,0,False,stress,rv32i,-O0,1,1,10000,4,noyield,0,64,5,100,13500000,fd5857d55768d542,10.0
standard,stress.noyield.rv32i.O0.p1s1.t10000.h4,0007,dut,PASS,,5220053,41,0,False,stress,rv32i,-O0,1,1,10000,4,noyield,0,64,5,100,13500000,fd5857d55768d542,6.6
standard,stress.noyield.rv32i.O0.p1s1.t10000.h4,0007,golden,PASS,,5212751,41,0,False,stress,rv32i,-O0,1,1,10000,4,noyield,0,64,5,100,13500000,fd5857d55768d542,10.6
standard,stress.noyield.rv32i.O0.p1s1.t10000.h4,0008,dut,PASS,,5212922,39,0,False,stress,rv32i,-O0,1,1,10000,4,noyield,0,64,5,100,13500000,fd5857d55768d542,6.5
standard,stress.noyield.rv32i.O0.p1s1.t10000.h4,0008,golden,PASS,,5213080,40,0,False,stress,rv32i,-O0,1,1,10000,4,noyield,0,64,5,100,13500000,fd5857d55768d542,11.2
standard,stress.noyield.rv32i.O2.p0s1.t10000.h1,0001,dut,PASS,,4950234,51,0,False,stress,rv32i,-O2,0,1,10000,1,noyield,0,32,12,40,10200000,29f945348d0f6beb,6.4
standard,stress.noyield.rv32i.O2.p0s1.t10000.h1,0001,golden,PASS,,4950322,51,0,False,stress,rv32i,-O2,0,1,10000,1,noyield,0,32,12,40,10200000,29f945348d0f6beb,9.4
standard,stress.noyield.rv32i.O2.p0s1.t10000.h1,0002,dut,PASS,,4950640,52,0,False,stress,rv32i,-O2,0,1,10000,1,noyield,0,32,12,40,10200000,29f945348d0f6beb,7.6
standard,stress.noyield.rv32i.O2.p0s1.t10000.h1,0002,golden,PASS,,4948624,52,0,False,stress,rv32i,-O2,0,1,10000,1,noyield,0,32,12,40,10200000,29f945348d0f6beb,9.9
standard,stress.noyield.rv32i.O2.p0s1.t10000.h1,0003,dut,PASS,,4951040,50,0,False,stress,rv32i,-O2,0,1,10000,1,noyield,0,32,12,40,10200000,29f945348d0f6beb,6.8
standard,stress.noyield.rv32i.O2.p0s1.t10000.h1,0003,golden,PASS,,4950307,51,0,False,stress,rv32i,-O2,0,1,10000,1,noyield,0,32,12,40,10200000,29f945348d0f6beb,9.9
standard,stress.noyield.rv32i.O2.p0s1.t10000.h1,0004,dut,PASS,,4950680,51,0,False,stress,rv32i,-O2,0,1,10000,1,noyield,0,32,12,40,10200000,29f945348d0f6beb,5.9
standard,stress.noyield.rv32i.O2.p0s1.t10000.h1,0004,golden,PASS,,4950723,51,0,False,stress,rv32i,-O2,0,1,10000,1,noyield,0,32,12,40,10200000,29f945348d0f6beb,11.2
standard,stress.noyield.rv32i.O2.p0s1.t10000.h1,0005,dut,PASS,,4950595,51,0,False,stress,rv32i,-O2,0,1,10000,1,noyield,0,32,12,40,10200000,29f945348d0f6beb,6.7
standard,stress.noyield.rv32i.O2.p0s1.t10000.h1,0005,golden,PASS,,4950665,51,0,False,stress,rv32i,-O2,0,1,10000,1,noyield,0,32,12,40,10200000,29f945348d0f6beb,9.8
standard,stress.noyield.rv32i.O2.p0s1.t10000.h1,0006,dut,PASS,,4952083,50,0,False,stress,rv32i,-O2,0,1,10000,1,noyield,0,32,12,40,10200000,29f945348d0f6beb,6.2
standard,stress.noyield.rv32i.O2.p0s1.t10000.h1,0006,golden,PASS,,4952452,51,0,False,stress,rv32i,-O2,0,1,10000,1,noyield,0,32,12,40,10200000,29f945348d0f6beb,9.3
standard,stress.noyield.rv32i.O2.p0s1.t10000.h1,0007,dut,PASS,,4948229,52,0,False,stress,rv32i,-O2,0,1,10000,1,noyield,0,32,12,40,10200000,29f945348d0f6beb,7.1
standard,stress.noyield.rv32i.O2.p0s1.t10000.h1,0007,golden,PASS,,4948255,51,0,False,stress,rv32i,-O2,0,1,10000,1,noyield,0,32,12,40,10200000,29f945348d0f6beb,10.4
standard,stress.noyield.rv32i.O2.p0s1.t10000.h1,0008,dut,PASS,,4949248,52,0,False,stress,rv32i,-O2,0,1,10000,1,noyield,0,32,12,40,10200000,29f945348d0f6beb,5.5
standard,stress.noyield.rv32i.O2.p0s1.t10000.h1,0008,golden,PASS,,4953338,52,0,False,stress,rv32i,-O2,0,1,10000,1,noyield,0,32,12,40,10200000,29f945348d0f6beb,9.2
standard,stress.noyield.rv32i.O2.p1s1.t10000.h4,0001,dut,PASS,,4956138,47,0,False,stress,rv32i,-O2,1,1,10000,4,noyield,0,32,12,40,10200000,11cdba1147a1e62d,5.5
standard,stress.noyield.rv32i.O2.p1s1.t10000.h4,0001,golden,PASS,,4955946,48,0,False,stress,rv32i,-O2,1,1,10000,4,noyield,0,32,12,40,10200000,11cdba1147a1e62d,10.4
standard,stress.noyield.rv32i.O2.p1s1.t10000.h4,0002,dut,PASS,,4954209,48,0,False,stress,rv32i,-O2,1,1,10000,4,noyield,0,32,12,40,10200000,11cdba1147a1e62d,6.3
standard,stress.noyield.rv32i.O2.p1s1.t10000.h4,0002,golden,PASS,,4953867,49,0,False,stress,rv32i,-O2,1,1,10000,4,noyield,0,32,12,40,10200000,11cdba1147a1e62d,10.4
standard,stress.noyield.rv32i.O2.p1s1.t10000.h4,0003,dut,PASS,,4955869,48,0,False,stress,rv32i,-O2,1,1,10000,4,noyield,0,32,12,40,10200000,11cdba1147a1e62d,6.3
standard,stress.noyield.rv32i.O2.p1s1.t10000.h4,0003,golden,PASS,,4955827,48,0,False,stress,rv32i,-O2,1,1,10000,4,noyield,0,32,12,40,10200000,11cdba1147a1e62d,7.3
standard,stress.noyield.rv32i.O2.p1s1.t10000.h4,0004,dut,PASS,,4956483,48,0,False,stress,rv32i,-O2,1,1,10000,4,noyield,0,32,12,40,10200000,11cdba1147a1e62d,5.1
standard,stress.noyield.rv32i.O2.p1s1.t10000.h4,0004,golden,PASS,,4956039,47,0,False,stress,rv32i,-O2,1,1,10000,4,noyield,0,32,12,40,10200000,11cdba1147a1e62d,7.9
standard,stress.noyield.rv32i.O2.p1s1.t10000.h4,0005,dut,PASS,,4955811,47,0,False,stress,rv32i,-O2,1,1,10000,4,noyield,0,32,12,40,10200000,11cdba1147a1e62d,6.5
standard,stress.noyield.rv32i.O2.p1s1.t10000.h4,0005,golden,PASS,,4956164,47,0,False,stress,rv32i,-O2,1,1,10000,4,noyield,0,32,12,40,10200000,11cdba1147a1e62d,10.9
standard,stress.noyield.rv32i.O2.p1s1.t10000.h4,0006,dut,PASS,,4958665,47,0,False,stress,rv32i,-O2,1,1,10000,4,noyield,0,32,12,40,10200000,11cdba1147a1e62d,6.3
standard,stress.noyield.rv32i.O2.p1s1.t10000.h4,0006,golden,PASS,,4957540,46,0,False,stress,rv32i,-O2,1,1,10000,4,noyield,0,32,12,40,10200000,11cdba1147a1e62d,9.5
standard,stress.noyield.rv32i.O2.p1s1.t10000.h4,0007,dut,PASS,,4953588,49,0,False,stress,rv32i,-O2,1,1,10000,4,noyield,0,32,12,40,10200000,11cdba1147a1e62d,6.0
standard,stress.noyield.rv32i.O2.p1s1.t10000.h4,0007,golden,PASS,,4953222,49,0,False,stress,rv32i,-O2,1,1,10000,4,noyield,0,32,12,40,10200000,11cdba1147a1e62d,9.7
standard,stress.noyield.rv32i.O2.p1s1.t10000.h4,0008,dut,PASS,,4953889,49,0,False,stress,rv32i,-O2,1,1,10000,4,noyield,0,32,12,40,10200000,11cdba1147a1e62d,5.9
standard,stress.noyield.rv32i.O2.p1s1.t10000.h4,0008,golden,PASS,,4959799,49,0,False,stress,rv32i,-O2,1,1,10000,4,noyield,0,32,12,40,10200000,11cdba1147a1e62d,12.1
standard,stress.noyield.rv32i.O2.p1s1.t500.h4,0001,dut,PASS,,19365488,18,0,False,stress,rv32i,-O2,1,1,500,4,noyield,0,32,4,9600,31800000,295c5484d660ad3d,23.6
standard,stress.noyield.rv32i.O2.p1s1.t500.h4,0001,golden,PASS,,19365175,18,0,False,stress,rv32i,-O2,1,1,500,4,noyield,0,32,4,9600,31800000,295c5484d660ad3d,46.3
standard,stress.noyield.rv32i.O2.p1s1.t500.h4,0002,dut,PASS,,19365908,18,0,False,stress,rv32i,-O2,1,1,500,4,noyield,0,32,4,9600,31800000,295c5484d660ad3d,28.3
standard,stress.noyield.rv32i.O2.p1s1.t500.h4,0002,golden,PASS,,19364858,18,0,False,stress,rv32i,-O2,1,1,500,4,noyield,0,32,4,9600,31800000,295c5484d660ad3d,48.9
standard,stress.noyield.rv32i.O2.p1s1.t500.h4,0003,dut,PASS,,19365901,18,0,False,stress,rv32i,-O2,1,1,500,4,noyield,0,32,4,9600,31800000,295c5484d660ad3d,27.4
standard,stress.noyield.rv32i.O2.p1s1.t500.h4,0003,golden,PASS,,19366352,18,0,False,stress,rv32i,-O2,1,1,500,4,noyield,0,32,4,9600,31800000,295c5484d660ad3d,49.3
standard,stress.noyield.rv32i.O2.p1s1.t500.h4,0004,dut,PASS,,19366415,18,0,False,stress,rv32i,-O2,1,1,500,4,noyield,0,32,4,9600,31800000,295c5484d660ad3d,27.7
standard,stress.noyield.rv32i.O2.p1s1.t500.h4,0004,golden,PASS,,19365865,18,0,False,stress,rv32i,-O2,1,1,500,4,noyield,0,32,4,9600,31800000,295c5484d660ad3d,43.8
standard,stress.noyield.rv32i.O2.p1s1.t500.h4,0005,dut,PASS,,19366387,18,0,False,stress,rv32i,-O2,1,1,500,4,noyield,0,32,4,9600,31800000,295c5484d660ad3d,25.4
standard,stress.noyield.rv32i.O2.p1s1.t500.h4,0005,golden,PASS,,19365852,18,0,False,stress,rv32i,-O2,1,1,500,4,noyield,0,32,4,9600,31800000,295c5484d660ad3d,45.5
standard,stress.noyield.rv32i.O2.p1s1.t500.h4,0006,dut,PASS,,19365600,18,0,False,stress,rv32i,-O2,1,1,500,4,noyield,0,32,4,9600,31800000,295c5484d660ad3d,35.6
standard,stress.noyield.rv32i.O2.p1s1.t500.h4,0006,golden,PASS,,19366376,18,0,False,stress,rv32i,-O2,1,1,500,4,noyield,0,32,4,9600,31800000,295c5484d660ad3d,49.3
standard,stress.noyield.rv32i.O2.p1s1.t500.h4,0007,dut,PASS,,19366350,18,0,False,stress,rv32i,-O2,1,1,500,4,noyield,0,32,4,9600,31800000,295c5484d660ad3d,26.3
standard,stress.noyield.rv32i.O2.p1s1.t500.h4,0007,golden,PASS,,19365801,18,0,False,stress,rv32i,-O2,1,1,500,4,noyield,0,32,4,9600,31800000,295c5484d660ad3d,58.6
standard,stress.noyield.rv32i.O2.p1s1.t500.h4,0008,dut,PASS,,19364855,18,0,False,stress,rv32i,-O2,1,1,500,4,noyield,0,32,4,9600,31800000,295c5484d660ad3d,40.3
standard,stress.noyield.rv32i.O2.p1s1.t500.h4,0008,golden,PASS,,19364801,18,0,False,stress,rv32i,-O2,1,1,500,4,noyield,0,32,4,9600,31800000,295c5484d660ad3d,51.0
standard,stress.noyield.rv32i.Os.p0s0.t50000.h4,0001,dut,PASS,,5153987,39,0,False,stress,rv32i,-Os,0,0,50000,4,noyield,0,32,10,10,10500000,2f0f038339329469,6.4
standard,stress.noyield.rv32i.Os.p0s0.t50000.h4,0001,golden,PASS,,5154021,39,0,False,stress,rv32i,-Os,0,0,50000,4,noyield,0,32,10,10,10500000,2f0f038339329469,10.2
standard,stress.noyield.rv32i.Os.p0s0.t50000.h4,0002,dut,PASS,,5152940,41,0,False,stress,rv32i,-Os,0,0,50000,4,noyield,0,32,10,10,10500000,2f0f038339329469,6.4
standard,stress.noyield.rv32i.Os.p0s0.t50000.h4,0002,golden,PASS,,5152888,41,0,False,stress,rv32i,-Os,0,0,50000,4,noyield,0,32,10,10,10500000,2f0f038339329469,13.5
standard,stress.noyield.rv32i.Os.p0s0.t50000.h4,0003,dut,PASS,,5154001,39,0,False,stress,rv32i,-Os,0,0,50000,4,noyield,0,32,10,10,10500000,2f0f038339329469,6.2
standard,stress.noyield.rv32i.Os.p0s0.t50000.h4,0003,golden,PASS,,5153820,39,0,False,stress,rv32i,-Os,0,0,50000,4,noyield,0,32,10,10,10500000,2f0f038339329469,11.4
standard,stress.noyield.rv32i.Os.p0s0.t50000.h4,0004,dut,PASS,,5153936,40,0,False,stress,rv32i,-Os,0,0,50000,4,noyield,0,32,10,10,10500000,2f0f038339329469,5.9
standard,stress.noyield.rv32i.Os.p0s0.t50000.h4,0004,golden,PASS,,5154000,41,0,False,stress,rv32i,-Os,0,0,50000,4,noyield,0,32,10,10,10500000,2f0f038339329469,10.8
standard,stress.noyield.rv32i.Os.p0s0.t50000.h4,0005,dut,PASS,,5153879,40,0,False,stress,rv32i,-Os,0,0,50000,4,noyield,0,32,10,10,10500000,2f0f038339329469,6.6
standard,stress.noyield.rv32i.Os.p0s0.t50000.h4,0005,golden,PASS,,5154266,40,0,False,stress,rv32i,-Os,0,0,50000,4,noyield,0,32,10,10,10500000,2f0f038339329469,8.9
standard,stress.noyield.rv32i.Os.p0s0.t50000.h4,0006,dut,PASS,,5157730,40,0,False,stress,rv32i,-Os,0,0,50000,4,noyield,0,32,10,10,10500000,2f0f038339329469,6.0
standard,stress.noyield.rv32i.Os.p0s0.t50000.h4,0006,golden,PASS,,5157854,39,0,False,stress,rv32i,-Os,0,0,50000,4,noyield,0,32,10,10,10500000,2f0f038339329469,10.0
standard,stress.noyield.rv32i.Os.p0s0.t50000.h4,0007,dut,PASS,,5152963,38,0,False,stress,rv32i,-Os,0,0,50000,4,noyield,0,32,10,10,10500000,2f0f038339329469,6.2
standard,stress.noyield.rv32i.Os.p0s0.t50000.h4,0007,golden,PASS,,5152908,38,0,False,stress,rv32i,-Os,0,0,50000,4,noyield,0,32,10,10,10500000,2f0f038339329469,10.5
standard,stress.noyield.rv32i.Os.p0s0.t50000.h4,0008,dut,PASS,,5153336,40,0,False,stress,rv32i,-Os,0,0,50000,4,noyield,0,32,10,10,10500000,2f0f038339329469,4.8
standard,stress.noyield.rv32i.Os.p0s0.t50000.h4,0008,golden,PASS,,5153463,40,0,False,stress,rv32i,-Os,0,0,50000,4,noyield,0,32,10,10,10500000,2f0f038339329469,10.7
standard,stress.noyield.rv32i.Os.p1s0.t5000.h1,0001,dut,PASS,,4957314,26,0,False,stress,rv32i,-Os,1,0,5000,1,noyield,0,32,6,160,10200000,4620acf38a184750,6.0
standard,stress.noyield.rv32i.Os.p1s0.t5000.h1,0001,golden,PASS,,4957767,26,0,False,stress,rv32i,-Os,1,0,5000,1,noyield,0,32,6,160,10200000,4620acf38a184750,8.5
standard,stress.noyield.rv32i.Os.p1s0.t5000.h1,0002,dut,PASS,,4962929,27,0,False,stress,rv32i,-Os,1,0,5000,1,noyield,0,32,6,160,10200000,4620acf38a184750,6.4
standard,stress.noyield.rv32i.Os.p1s0.t5000.h1,0002,golden,PASS,,4955174,26,0,False,stress,rv32i,-Os,1,0,5000,1,noyield,0,32,6,160,10200000,4620acf38a184750,9.2
standard,stress.noyield.rv32i.Os.p1s0.t5000.h1,0003,dut,PASS,,4957667,26,0,False,stress,rv32i,-Os,1,0,5000,1,noyield,0,32,6,160,10200000,4620acf38a184750,6.3
standard,stress.noyield.rv32i.Os.p1s0.t5000.h1,0003,golden,PASS,,4957651,26,0,False,stress,rv32i,-Os,1,0,5000,1,noyield,0,32,6,160,10200000,4620acf38a184750,9.1
standard,stress.noyield.rv32i.Os.p1s0.t5000.h1,0004,dut,PASS,,4957531,26,0,False,stress,rv32i,-Os,1,0,5000,1,noyield,0,32,6,160,10200000,4620acf38a184750,6.1
standard,stress.noyield.rv32i.Os.p1s0.t5000.h1,0004,golden,PASS,,4957760,26,0,False,stress,rv32i,-Os,1,0,5000,1,noyield,0,32,6,160,10200000,4620acf38a184750,10.0
standard,stress.noyield.rv32i.Os.p1s0.t5000.h1,0005,dut,PASS,,4957757,26,0,False,stress,rv32i,-Os,1,0,5000,1,noyield,0,32,6,160,10200000,4620acf38a184750,6.6
standard,stress.noyield.rv32i.Os.p1s0.t5000.h1,0005,golden,PASS,,4957516,26,0,False,stress,rv32i,-Os,1,0,5000,1,noyield,0,32,6,160,10200000,4620acf38a184750,9.3
standard,stress.noyield.rv32i.Os.p1s0.t5000.h1,0006,dut,PASS,,4958120,26,0,False,stress,rv32i,-Os,1,0,5000,1,noyield,0,32,6,160,10200000,4620acf38a184750,5.9
standard,stress.noyield.rv32i.Os.p1s0.t5000.h1,0006,golden,PASS,,4957711,26,0,False,stress,rv32i,-Os,1,0,5000,1,noyield,0,32,6,160,10200000,4620acf38a184750,9.6
standard,stress.noyield.rv32i.Os.p1s0.t5000.h1,0007,dut,PASS,,4956164,26,0,False,stress,rv32i,-Os,1,0,5000,1,noyield,0,32,6,160,10200000,4620acf38a184750,5.9
standard,stress.noyield.rv32i.Os.p1s0.t5000.h1,0007,golden,PASS,,4956583,26,0,False,stress,rv32i,-Os,1,0,5000,1,noyield,0,32,6,160,10200000,4620acf38a184750,10.0
standard,stress.noyield.rv32i.Os.p1s0.t5000.h1,0008,dut,PASS,,4954752,26,0,False,stress,rv32i,-Os,1,0,5000,1,noyield,0,32,6,160,10200000,4620acf38a184750,4.8
standard,stress.noyield.rv32i.Os.p1s0.t5000.h1,0008,golden,PASS,,4954880,26,0,False,stress,rv32i,-Os,1,0,5000,1,noyield,0,32,6,160,10200000,4620acf38a184750,9.8
standard,stress.noyield.rv32im.O0.p0s1.t5000.h1,0001,dut,PASS,,8200764,37,0,False,stress,rv32im,-O0,0,1,5000,1,noyield,0,64,4,400,18000000,5879e945cb809752,8.8
standard,stress.noyield.rv32im.O0.p0s1.t5000.h1,0002,dut,PASS,,8199394,37,0,False,stress,rv32im,-O0,0,1,5000,1,noyield,0,64,4,400,18000000,5879e945cb809752,10.9
standard,stress.noyield.rv32im.O0.p0s1.t5000.h1,0003,dut,PASS,,8199320,38,0,False,stress,rv32im,-O0,0,1,5000,1,noyield,0,64,4,400,18000000,5879e945cb809752,10.1
standard,stress.noyield.rv32im.O0.p0s1.t5000.h1,0004,dut,PASS,,8201962,37,0,False,stress,rv32im,-O0,0,1,5000,1,noyield,0,64,4,400,18000000,5879e945cb809752,11.3
standard,stress.noyield.rv32im.O0.p0s1.t5000.h1,0005,dut,PASS,,8201019,37,0,False,stress,rv32im,-O0,0,1,5000,1,noyield,0,64,4,400,18000000,5879e945cb809752,9.7
standard,stress.noyield.rv32im.O0.p0s1.t5000.h1,0006,dut,PASS,,8199395,37,0,False,stress,rv32im,-O0,0,1,5000,1,noyield,0,64,4,400,18000000,5879e945cb809752,10.7
standard,stress.noyield.rv32im.O0.p0s1.t5000.h1,0007,dut,PASS,,8199360,36,0,False,stress,rv32im,-O0,0,1,5000,1,noyield,0,64,4,400,18000000,5879e945cb809752,10.5
standard,stress.noyield.rv32im.O0.p0s1.t5000.h1,0008,dut,PASS,,8199385,37,0,False,stress,rv32im,-O0,0,1,5000,1,noyield,0,64,4,400,18000000,5879e945cb809752,10.0
standard,stress.noyield.rv32im.O2.p1s1.t10000.h4,0001,dut,PASS,,4951364,49,0,False,stress,rv32im,-O2,1,1,10000,4,noyield,0,32,12,40,10200000,ab0fe89a5a5be9dd,6.5
standard,stress.noyield.rv32im.O2.p1s1.t10000.h4,0002,dut,PASS,,4950807,50,0,False,stress,rv32im,-O2,1,1,10000,4,noyield,0,32,12,40,10200000,ab0fe89a5a5be9dd,6.5
standard,stress.noyield.rv32im.O2.p1s1.t10000.h4,0003,dut,PASS,,4950566,48,0,False,stress,rv32im,-O2,1,1,10000,4,noyield,0,32,12,40,10200000,ab0fe89a5a5be9dd,5.0
standard,stress.noyield.rv32im.O2.p1s1.t10000.h4,0004,dut,PASS,,4950807,48,0,False,stress,rv32im,-O2,1,1,10000,4,noyield,0,32,12,40,10200000,ab0fe89a5a5be9dd,6.3
standard,stress.noyield.rv32im.O2.p1s1.t10000.h4,0005,dut,PASS,,4950776,47,0,False,stress,rv32im,-O2,1,1,10000,4,noyield,0,32,12,40,10200000,ab0fe89a5a5be9dd,6.3
standard,stress.noyield.rv32im.O2.p1s1.t10000.h4,0006,dut,PASS,,4951516,47,0,False,stress,rv32im,-O2,1,1,10000,4,noyield,0,32,12,40,10200000,ab0fe89a5a5be9dd,7.3
standard,stress.noyield.rv32im.O2.p1s1.t10000.h4,0007,dut,PASS,,4950248,49,0,False,stress,rv32im,-O2,1,1,10000,4,noyield,0,32,12,40,10200000,ab0fe89a5a5be9dd,6.1
standard,stress.noyield.rv32im.O2.p1s1.t10000.h4,0008,dut,PASS,,4950424,49,0,False,stress,rv32im,-O2,1,1,10000,4,noyield,0,32,12,40,10200000,ab0fe89a5a5be9dd,6.3
standard,stress.noyield.rv32im.Os.p1s0.t500.h4,0001,dut,PASS,,19357111,18,0,False,stress,rv32im,-Os,1,0,500,4,noyield,0,32,4,9600,31800000,63453b0458217641,25.2
standard,stress.noyield.rv32im.Os.p1s0.t500.h4,0002,dut,PASS,,19357182,18,0,False,stress,rv32im,-Os,1,0,500,4,noyield,0,32,4,9600,31800000,63453b0458217641,34.6
standard,stress.noyield.rv32im.Os.p1s0.t500.h4,0003,dut,PASS,,19358274,18,0,False,stress,rv32im,-Os,1,0,500,4,noyield,0,32,4,9600,31800000,63453b0458217641,27.5
standard,stress.noyield.rv32im.Os.p1s0.t500.h4,0004,dut,PASS,,19357274,18,0,False,stress,rv32im,-Os,1,0,500,4,noyield,0,32,4,9600,31800000,63453b0458217641,26.8
standard,stress.noyield.rv32im.Os.p1s0.t500.h4,0005,dut,PASS,,19357949,18,0,False,stress,rv32im,-Os,1,0,500,4,noyield,0,32,4,9600,31800000,63453b0458217641,33.7
standard,stress.noyield.rv32im.Os.p1s0.t500.h4,0006,dut,PASS,,19358106,18,0,False,stress,rv32im,-Os,1,0,500,4,noyield,0,32,4,9600,31800000,63453b0458217641,25.5
standard,stress.noyield.rv32im.Os.p1s0.t500.h4,0007,dut,PASS,,19356683,18,0,False,stress,rv32im,-Os,1,0,500,4,noyield,0,32,4,9600,31800000,63453b0458217641,33.7
standard,stress.noyield.rv32im.Os.p1s0.t500.h4,0008,dut,PASS,,19357182,18,0,False,stress,rv32im,-Os,1,0,500,4,noyield,0,32,4,9600,31800000,63453b0458217641,27.6
standard,stress.noyield.rv32im_zba.O0.p1s1.t50000.h4,0001,dut,PASS,,5207456,34,0,False,stress,rv32im_zba,-O0,1,1,50000,4,noyield,0,64,5,20,13500000,eb27ad45611a2026,4.8
standard,stress.noyield.rv32im_zba.O0.p1s1.t50000.h4,0002,dut,PASS,,5206694,33,0,False,stress,rv32im_zba,-O0,1,1,50000,4,noyield,0,64,5,20,13500000,eb27ad45611a2026,7.0
standard,stress.noyield.rv32im_zba.O0.p1s1.t50000.h4,0003,dut,PASS,,5208057,34,0,False,stress,rv32im_zba,-O0,1,1,50000,4,noyield,0,64,5,20,13500000,eb27ad45611a2026,6.1
standard,stress.noyield.rv32im_zba.O0.p1s1.t50000.h4,0004,dut,PASS,,5207533,34,0,False,stress,rv32im_zba,-O0,1,1,50000,4,noyield,0,64,5,20,13500000,eb27ad45611a2026,5.6
standard,stress.noyield.rv32im_zba.O0.p1s1.t50000.h4,0005,dut,PASS,,5208529,35,0,False,stress,rv32im_zba,-O0,1,1,50000,4,noyield,0,64,5,20,13500000,eb27ad45611a2026,6.7
standard,stress.noyield.rv32im_zba.O0.p1s1.t50000.h4,0006,dut,PASS,,5208614,35,0,False,stress,rv32im_zba,-O0,1,1,50000,4,noyield,0,64,5,20,13500000,eb27ad45611a2026,6.5
standard,stress.noyield.rv32im_zba.O0.p1s1.t50000.h4,0007,dut,PASS,,5207756,35,0,False,stress,rv32im_zba,-O0,1,1,50000,4,noyield,0,64,5,20,13500000,eb27ad45611a2026,6.2
standard,stress.noyield.rv32im_zba.O0.p1s1.t50000.h4,0008,dut,PASS,,5207401,34,0,False,stress,rv32im_zba,-O0,1,1,50000,4,noyield,0,64,5,20,13500000,eb27ad45611a2026,5.3
standard,stress.noyield.rv32im_zba.O2.p1s1.t5000.h1,0001,dut,PASS,,4949360,26,0,False,stress,rv32im_zba,-O2,1,1,5000,1,noyield,0,32,6,160,10200000,243de817ed9f70f1,6.9
standard,stress.noyield.rv32im_zba.O2.p1s1.t5000.h1,0002,dut,PASS,,4956757,27,0,False,stress,rv32im_zba,-O2,1,1,5000,1,noyield,0,32,6,160,10200000,243de817ed9f70f1,6.2
standard,stress.noyield.rv32im_zba.O2.p1s1.t5000.h1,0003,dut,PASS,,4949550,26,0,False,stress,rv32im_zba,-O2,1,1,5000,1,noyield,0,32,6,160,10200000,243de817ed9f70f1,5.2
standard,stress.noyield.rv32im_zba.O2.p1s1.t5000.h1,0004,dut,PASS,,4949483,26,0,False,stress,rv32im_zba,-O2,1,1,5000,1,noyield,0,32,6,160,10200000,243de817ed9f70f1,4.7
standard,stress.noyield.rv32im_zba.O2.p1s1.t5000.h1,0005,dut,PASS,,4949478,26,0,False,stress,rv32im_zba,-O2,1,1,5000,1,noyield,0,32,6,160,10200000,243de817ed9f70f1,7.0
standard,stress.noyield.rv32im_zba.O2.p1s1.t5000.h1,0006,dut,PASS,,4949068,26,0,False,stress,rv32im_zba,-O2,1,1,5000,1,noyield,0,32,6,160,10200000,243de817ed9f70f1,6.8
standard,stress.noyield.rv32im_zba.O2.p1s1.t5000.h1,0007,dut,PASS,,4948873,27,0,False,stress,rv32im_zba,-O2,1,1,5000,1,noyield,0,32,6,160,10200000,243de817ed9f70f1,5.9
standard,stress.noyield.rv32im_zba.O2.p1s1.t5000.h1,0008,dut,PASS,,4949020,26,0,False,stress,rv32im_zba,-O2,1,1,5000,1,noyield,0,32,6,160,10200000,243de817ed9f70f1,7.6
standard,stress.noyield.rv32im_zba.Os.p0s1.t10000.h4,0001,dut,PASS,,4950197,52,0,False,stress,rv32im_zba,-Os,0,1,10000,4,noyield,0,32,12,40,10200000,de4738550b907813,6.5
standard,stress.noyield.rv32im_zba.Os.p0s1.t10000.h4,0002,dut,PASS,,4949492,51,0,False,stress,rv32im_zba,-Os,0,1,10000,4,noyield,0,32,12,40,10200000,de4738550b907813,6.6
standard,stress.noyield.rv32im_zba.Os.p0s1.t10000.h4,0003,dut,PASS,,4950195,51,0,False,stress,rv32im_zba,-Os,0,1,10000,4,noyield,0,32,12,40,10200000,de4738550b907813,6.2
standard,stress.noyield.rv32im_zba.Os.p0s1.t10000.h4,0004,dut,PASS,,4951158,50,0,False,stress,rv32im_zba,-Os,0,1,10000,4,noyield,0,32,12,40,10200000,de4738550b907813,6.2
standard,stress.noyield.rv32im_zba.Os.p0s1.t10000.h4,0005,dut,PASS,,4962666,51,0,False,stress,rv32im_zba,-Os,0,1,10000,4,noyield,0,32,12,40,10200000,de4738550b907813,6.0
standard,stress.noyield.rv32im_zba.Os.p0s1.t10000.h4,0006,dut,PASS,,4951012,51,0,False,stress,rv32im_zba,-Os,0,1,10000,4,noyield,0,32,12,40,10200000,de4738550b907813,6.4
standard,stress.noyield.rv32im_zba.Os.p0s1.t10000.h4,0007,dut,PASS,,4956366,52,0,False,stress,rv32im_zba,-Os,0,1,10000,4,noyield,0,32,12,40,10200000,de4738550b907813,6.0
standard,stress.noyield.rv32im_zba.Os.p0s1.t10000.h4,0008,dut,PASS,,4953598,52,0,False,stress,rv32im_zba,-Os,0,1,10000,4,noyield,0,32,12,40,10200000,de4738550b907813,7.5
standard,stress.rv32i.O0.p1s0.t1500.h1,0001,dut,PASS,,20218368,36,0,False,stress,rv32i,-O0,1,0,1500,1,,0,64,4,3334,36006000,7fc3f104ca982b53,37.8
standard,stress.rv32i.O0.p1s0.t1500.h1,0001,golden,PASS,,20218560,36,0,False,stress,rv32i,-O0,1,0,1500,1,,0,64,4,3334,36006000,7fc3f104ca982b53,40.1
standard,stress.rv32i.O0.p1s0.t1500.h1,0002,dut,PASS,,20217659,36,0,False,stress,rv32i,-O0,1,0,1500,1,,0,64,4,3334,36006000,7fc3f104ca982b53,28.0
standard,stress.rv32i.O0.p1s0.t1500.h1,0002,golden,PASS,,20217403,37,0,False,stress,rv32i,-O0,1,0,1500,1,,0,64,4,3334,36006000,7fc3f104ca982b53,40.3
standard,stress.rv32i.O0.p1s0.t1500.h1,0003,dut,PASS,,20218625,37,0,False,stress,rv32i,-O0,1,0,1500,1,,0,64,4,3334,36006000,7fc3f104ca982b53,35.6
standard,stress.rv32i.O0.p1s0.t1500.h1,0003,golden,PASS,,20218822,37,0,False,stress,rv32i,-O0,1,0,1500,1,,0,64,4,3334,36006000,7fc3f104ca982b53,40.5
standard,stress.rv32i.O0.p1s0.t1500.h1,0004,dut,PASS,,20217506,37,0,False,stress,rv32i,-O0,1,0,1500,1,,0,64,4,3334,36006000,7fc3f104ca982b53,30.8
standard,stress.rv32i.O0.p1s0.t1500.h1,0004,golden,PASS,,20217301,37,0,False,stress,rv32i,-O0,1,0,1500,1,,0,64,4,3334,36006000,7fc3f104ca982b53,41.7
standard,stress.rv32i.O0.p1s0.t1500.h1,0005,dut,PASS,,20216956,37,0,False,stress,rv32i,-O0,1,0,1500,1,,0,64,4,3334,36006000,7fc3f104ca982b53,27.9
standard,stress.rv32i.O0.p1s0.t1500.h1,0005,golden,PASS,,20217116,36,0,False,stress,rv32i,-O0,1,0,1500,1,,0,64,4,3334,36006000,7fc3f104ca982b53,36.3
standard,stress.rv32i.O0.p1s0.t1500.h1,0006,dut,PASS,,20218388,36,0,False,stress,rv32i,-O0,1,0,1500,1,,0,64,4,3334,36006000,7fc3f104ca982b53,27.7
standard,stress.rv32i.O0.p1s0.t1500.h1,0006,golden,PASS,,20218710,37,0,False,stress,rv32i,-O0,1,0,1500,1,,0,64,4,3334,36006000,7fc3f104ca982b53,39.0
standard,stress.rv32i.O0.p1s0.t1500.h1,0007,dut,PASS,,20216929,36,0,False,stress,rv32i,-O0,1,0,1500,1,,0,64,4,3334,36006000,7fc3f104ca982b53,25.7
standard,stress.rv32i.O0.p1s0.t1500.h1,0007,golden,PASS,,20215880,36,0,False,stress,rv32i,-O0,1,0,1500,1,,0,64,4,3334,36006000,7fc3f104ca982b53,41.5
standard,stress.rv32i.O0.p1s0.t1500.h1,0008,dut,PASS,,20220083,37,0,False,stress,rv32i,-O0,1,0,1500,1,,0,64,4,3334,36006000,7fc3f104ca982b53,27.4
standard,stress.rv32i.O0.p1s0.t1500.h1,0008,golden,PASS,,20218881,36,0,False,stress,rv32i,-O0,1,0,1500,1,,0,64,4,3334,36006000,7fc3f104ca982b53,53.5
standard,stress.rv32i.O0.p1s1.t10000.h4,0001,dut,PASS,,5217657,39,0,False,stress,rv32i,-O0,1,1,10000,4,,0,64,5,100,13500000,902925372a9b24fc,6.0
standard,stress.rv32i.O0.p1s1.t10000.h4,0001,golden,PASS,,5216432,39,0,False,stress,rv32i,-O0,1,1,10000,4,,0,64,5,100,13500000,902925372a9b24fc,10.1
standard,stress.rv32i.O0.p1s1.t10000.h4,0002,dut,PASS,,5212743,39,0,False,stress,rv32i,-O0,1,1,10000,4,,0,64,5,100,13500000,902925372a9b24fc,6.7
standard,stress.rv32i.O0.p1s1.t10000.h4,0002,golden,PASS,,5212736,41,0,False,stress,rv32i,-O0,1,1,10000,4,,0,64,5,100,13500000,902925372a9b24fc,11.8
standard,stress.rv32i.O0.p1s1.t10000.h4,0003,dut,PASS,,5215697,39,0,False,stress,rv32i,-O0,1,1,10000,4,,0,64,5,100,13500000,902925372a9b24fc,5.3
standard,stress.rv32i.O0.p1s1.t10000.h4,0003,golden,PASS,,5215057,38,0,False,stress,rv32i,-O0,1,1,10000,4,,0,64,5,100,13500000,902925372a9b24fc,13.5
standard,stress.rv32i.O0.p1s1.t10000.h4,0004,dut,PASS,,5216151,39,0,False,stress,rv32i,-O0,1,1,10000,4,,0,64,5,100,13500000,902925372a9b24fc,6.7
standard,stress.rv32i.O0.p1s1.t10000.h4,0004,golden,PASS,,5215535,39,0,False,stress,rv32i,-O0,1,1,10000,4,,0,64,5,100,13500000,902925372a9b24fc,11.8
standard,stress.rv32i.O0.p1s1.t10000.h4,0005,dut,PASS,,5216689,38,0,False,stress,rv32i,-O0,1,1,10000,4,,0,64,5,100,13500000,902925372a9b24fc,6.5
standard,stress.rv32i.O0.p1s1.t10000.h4,0005,golden,PASS,,5216775,39,0,False,stress,rv32i,-O0,1,1,10000,4,,0,64,5,100,13500000,902925372a9b24fc,11.5
standard,stress.rv32i.O0.p1s1.t10000.h4,0006,dut,PASS,,5217067,39,0,False,stress,rv32i,-O0,1,1,10000,4,,0,64,5,100,13500000,902925372a9b24fc,7.2
standard,stress.rv32i.O0.p1s1.t10000.h4,0006,golden,PASS,,5217135,39,0,False,stress,rv32i,-O0,1,1,10000,4,,0,64,5,100,13500000,902925372a9b24fc,11.2
standard,stress.rv32i.O0.p1s1.t10000.h4,0007,dut,PASS,,5216364,42,0,False,stress,rv32i,-O0,1,1,10000,4,,0,64,5,100,13500000,902925372a9b24fc,5.6
standard,stress.rv32i.O0.p1s1.t10000.h4,0007,golden,PASS,,5213404,42,0,False,stress,rv32i,-O0,1,1,10000,4,,0,64,5,100,13500000,902925372a9b24fc,12.6
standard,stress.rv32i.O0.p1s1.t10000.h4,0008,dut,PASS,,5213573,41,0,False,stress,rv32i,-O0,1,1,10000,4,,0,64,5,100,13500000,902925372a9b24fc,6.3
standard,stress.rv32i.O0.p1s1.t10000.h4,0008,golden,PASS,,5213569,41,0,False,stress,rv32i,-O0,1,1,10000,4,,0,64,5,100,13500000,902925372a9b24fc,10.2
standard,stress.rv32i.O2.p0s1.t10000.h1,0001,dut,PASS,,4961062,52,0,False,stress,rv32i,-O2,0,1,10000,1,,0,32,12,40,10200000,14a1540e36a9d5ea,6.0
standard,stress.rv32i.O2.p0s1.t10000.h1,0001,golden,PASS,,4951077,51,0,False,stress,rv32i,-O2,0,1,10000,1,,0,32,12,40,10200000,14a1540e36a9d5ea,11.9
standard,stress.rv32i.O2.p0s1.t10000.h1,0002,dut,PASS,,4949558,51,0,False,stress,rv32i,-O2,0,1,10000,1,,0,32,12,40,10200000,14a1540e36a9d5ea,6.7
standard,stress.rv32i.O2.p0s1.t10000.h1,0002,golden,PASS,,4949734,51,0,False,stress,rv32i,-O2,0,1,10000,1,,0,32,12,40,10200000,14a1540e36a9d5ea,11.7
standard,stress.rv32i.O2.p0s1.t10000.h1,0003,dut,PASS,,4950951,51,0,False,stress,rv32i,-O2,0,1,10000,1,,0,32,12,40,10200000,14a1540e36a9d5ea,6.3
standard,stress.rv32i.O2.p0s1.t10000.h1,0003,golden,PASS,,4950924,51,0,False,stress,rv32i,-O2,0,1,10000,1,,0,32,12,40,10200000,14a1540e36a9d5ea,7.7
standard,stress.rv32i.O2.p0s1.t10000.h1,0004,dut,PASS,,4951998,51,0,False,stress,rv32i,-O2,0,1,10000,1,,0,32,12,40,10200000,14a1540e36a9d5ea,6.7
standard,stress.rv32i.O2.p0s1.t10000.h1,0004,golden,PASS,,4951235,51,0,False,stress,rv32i,-O2,0,1,10000,1,,0,32,12,40,10200000,14a1540e36a9d5ea,9.9
standard,stress.rv32i.O2.p0s1.t10000.h1,0005,dut,PASS,,4952491,51,0,False,stress,rv32i,-O2,0,1,10000,1,,0,32,12,40,10200000,14a1540e36a9d5ea,6.2
standard,stress.rv32i.O2.p0s1.t10000.h1,0005,golden,PASS,,4951271,51,0,False,stress,rv32i,-O2,0,1,10000,1,,0,32,12,40,10200000,14a1540e36a9d5ea,10.8
standard,stress.rv32i.O2.p0s1.t10000.h1,0006,dut,PASS,,4953213,50,0,False,stress,rv32i,-O2,0,1,10000,1,,0,32,12,40,10200000,14a1540e36a9d5ea,7.2
standard,stress.rv32i.O2.p0s1.t10000.h1,0006,golden,PASS,,4952877,51,0,False,stress,rv32i,-O2,0,1,10000,1,,0,32,12,40,10200000,14a1540e36a9d5ea,10.4
standard,stress.rv32i.O2.p0s1.t10000.h1,0007,dut,PASS,,4948459,51,0,False,stress,rv32i,-O2,0,1,10000,1,,0,32,12,40,10200000,14a1540e36a9d5ea,6.6
standard,stress.rv32i.O2.p0s1.t10000.h1,0007,golden,PASS,,4948853,51,0,False,stress,rv32i,-O2,0,1,10000,1,,0,32,12,40,10200000,14a1540e36a9d5ea,7.4
standard,stress.rv32i.O2.p0s1.t10000.h1,0008,dut,PASS,,4949916,51,0,False,stress,rv32i,-O2,0,1,10000,1,,0,32,12,40,10200000,14a1540e36a9d5ea,5.7
standard,stress.rv32i.O2.p0s1.t10000.h1,0008,golden,PASS,,4949047,51,0,False,stress,rv32i,-O2,0,1,10000,1,,0,32,12,40,10200000,14a1540e36a9d5ea,10.2
standard,stress.rv32i.O2.p1s1.t10000.h4,0001,dut,PASS,,4956529,48,0,False,stress,rv32i,-O2,1,1,10000,4,,0,32,12,40,10200000,0cef9d4419eedac1,5.1
standard,stress.rv32i.O2.p1s1.t10000.h4,0001,golden,PASS,,4956610,48,0,False,stress,rv32i,-O2,1,1,10000,4,,0,32,12,40,10200000,0cef9d4419eedac1,10.3
standard,stress.rv32i.O2.p1s1.t10000.h4,0002,dut,PASS,,4963228,50,0,False,stress,rv32i,-O2,1,1,10000,4,,0,32,12,40,10200000,0cef9d4419eedac1,6.1
standard,stress.rv32i.O2.p1s1.t10000.h4,0002,golden,PASS,,4955428,49,0,False,stress,rv32i,-O2,1,1,10000,4,,0,32,12,40,10200000,0cef9d4419eedac1,10.2
standard,stress.rv32i.O2.p1s1.t10000.h4,0003,dut,PASS,,4956596,48,0,False,stress,rv32i,-O2,1,1,10000,4,,0,32,12,40,10200000,0cef9d4419eedac1,5.6
standard,stress.rv32i.O2.p1s1.t10000.h4,0003,golden,PASS,,4955845,47,0,False,stress,rv32i,-O2,1,1,10000,4,,0,32,12,40,10200000,0cef9d4419eedac1,9.3
standard,stress.rv32i.O2.p1s1.t10000.h4,0004,dut,PASS,,4963631,49,0,False,stress,rv32i,-O2,1,1,10000,4,,0,32,12,40,10200000,0cef9d4419eedac1,8.6
standard,stress.rv32i.O2.p1s1.t10000.h4,0004,golden,PASS,,4956927,49,0,False,stress,rv32i,-O2,1,1,10000,4,,0,32,12,40,10200000,0cef9d4419eedac1,9.3
standard,stress.rv32i.O2.p1s1.t10000.h4,0005,dut,PASS,,4956265,47,0,False,stress,rv32i,-O2,1,1,10000,4,,0,32,12,40,10200000,0cef9d4419eedac1,6.1
standard,stress.rv32i.O2.p1s1.t10000.h4,0005,golden,PASS,,4957781,48,0,False,stress,rv32i,-O2,1,1,10000,4,,0,32,12,40,10200000,0cef9d4419eedac1,8.0
standard,stress.rv32i.O2.p1s1.t10000.h4,0006,dut,PASS,,4957878,47,0,False,stress,rv32i,-O2,1,1,10000,4,,0,32,12,40,10200000,0cef9d4419eedac1,6.0
standard,stress.rv32i.O2.p1s1.t10000.h4,0006,golden,PASS,,4957471,47,0,False,stress,rv32i,-O2,1,1,10000,4,,0,32,12,40,10200000,0cef9d4419eedac1,9.9
standard,stress.rv32i.O2.p1s1.t10000.h4,0007,dut,PASS,,4954126,49,0,False,stress,rv32i,-O2,1,1,10000,4,,0,32,12,40,10200000,0cef9d4419eedac1,6.2
standard,stress.rv32i.O2.p1s1.t10000.h4,0007,golden,PASS,,4955024,49,0,False,stress,rv32i,-O2,1,1,10000,4,,0,32,12,40,10200000,0cef9d4419eedac1,9.9
standard,stress.rv32i.O2.p1s1.t10000.h4,0008,dut,PASS,,4958186,50,0,False,stress,rv32i,-O2,1,1,10000,4,,0,32,12,40,10200000,0cef9d4419eedac1,6.7
standard,stress.rv32i.O2.p1s1.t10000.h4,0008,golden,PASS,,4954555,49,0,False,stress,rv32i,-O2,1,1,10000,4,,0,32,12,40,10200000,0cef9d4419eedac1,10.3
standard,stress.rv32i.O2.p1s1.t500.h4,0001,dut,PASS,,19365673,18,0,False,stress,rv32i,-O2,1,1,500,4,,0,32,4,9600,31800000,9603c9f353163a96,29.0
standard,stress.rv32i.O2.p1s1.t500.h4,0001,golden,PASS,,19366183,18,0,False,stress,rv32i,-O2,1,1,500,4,,0,32,4,9600,31800000,9603c9f353163a96,61.6
standard,stress.rv32i.O2.p1s1.t500.h4,0002,dut,PASS,,19366841,18,0,False,stress,rv32i,-O2,1,1,500,4,,0,32,4,9600,31800000,9603c9f353163a96,38.0
standard,stress.rv32i.O2.p1s1.t500.h4,0002,golden,PASS,,19366358,18,0,False,stress,rv32i,-O2,1,1,500,4,,0,32,4,9600,31800000,9603c9f353163a96,47.4
standard,stress.rv32i.O2.p1s1.t500.h4,0003,dut,PASS,,19367401,18,0,False,stress,rv32i,-O2,1,1,500,4,,0,32,4,9600,31800000,9603c9f353163a96,24.4
standard,stress.rv32i.O2.p1s1.t500.h4,0003,golden,PASS,,19367351,18,0,False,stress,rv32i,-O2,1,1,500,4,,0,32,4,9600,31800000,9603c9f353163a96,55.9
standard,stress.rv32i.O2.p1s1.t500.h4,0004,dut,PASS,,19366917,18,0,False,stress,rv32i,-O2,1,1,500,4,,0,32,4,9600,31800000,9603c9f353163a96,31.2
standard,stress.rv32i.O2.p1s1.t500.h4,0004,golden,PASS,,19366865,18,0,False,stress,rv32i,-O2,1,1,500,4,,0,32,4,9600,31800000,9603c9f353163a96,39.5
standard,stress.rv32i.O2.p1s1.t500.h4,0005,dut,PASS,,19366392,18,0,False,stress,rv32i,-O2,1,1,500,4,,0,32,4,9600,31800000,9603c9f353163a96,23.9
standard,stress.rv32i.O2.p1s1.t500.h4,0005,golden,PASS,,19367337,18,0,False,stress,rv32i,-O2,1,1,500,4,,0,32,4,9600,31800000,9603c9f353163a96,47.8
standard,stress.rv32i.O2.p1s1.t500.h4,0006,dut,PASS,,19366600,18,0,False,stress,rv32i,-O2,1,1,500,4,,0,32,4,9600,31800000,9603c9f353163a96,25.7
standard,stress.rv32i.O2.p1s1.t500.h4,0006,golden,PASS,,19367377,18,0,False,stress,rv32i,-O2,1,1,500,4,,0,32,4,9600,31800000,9603c9f353163a96,57.2
standard,stress.rv32i.O2.p1s1.t500.h4,0007,dut,PASS,,19366850,18,0,False,stress,rv32i,-O2,1,1,500,4,,0,32,4,9600,31800000,9603c9f353163a96,29.2
standard,stress.rv32i.O2.p1s1.t500.h4,0007,golden,PASS,,19366851,18,0,False,stress,rv32i,-O2,1,1,500,4,,0,32,4,9600,31800000,9603c9f353163a96,53.8
standard,stress.rv32i.O2.p1s1.t500.h4,0008,dut,PASS,,19365350,18,0,False,stress,rv32i,-O2,1,1,500,4,,0,32,4,9600,31800000,9603c9f353163a96,25.1
standard,stress.rv32i.O2.p1s1.t500.h4,0008,golden,PASS,,19365300,18,0,False,stress,rv32i,-O2,1,1,500,4,,0,32,4,9600,31800000,9603c9f353163a96,46.1
standard,stress.rv32i.Os.p0s0.t50000.h4,0001,dut,PASS,,5154343,39,0,False,stress,rv32i,-Os,0,0,50000,4,,0,32,10,10,10500000,081583e18662cdf5,7.2
standard,stress.rv32i.Os.p0s0.t50000.h4,0001,golden,PASS,,5154301,39,0,False,stress,rv32i,-Os,0,0,50000,4,,0,32,10,10,10500000,081583e18662cdf5,13.9
standard,stress.rv32i.Os.p0s0.t50000.h4,0002,dut,PASS,,5153214,41,0,False,stress,rv32i,-Os,0,0,50000,4,,0,32,10,10,10500000,081583e18662cdf5,5.3
standard,stress.rv32i.Os.p0s0.t50000.h4,0002,golden,PASS,,5153580,41,0,False,stress,rv32i,-Os,0,0,50000,4,,0,32,10,10,10500000,081583e18662cdf5,7.6
standard,stress.rv32i.Os.p0s0.t50000.h4,0003,dut,PASS,,5154832,39,0,False,stress,rv32i,-Os,0,0,50000,4,,0,32,10,10,10500000,081583e18662cdf5,6.5
standard,stress.rv32i.Os.p0s0.t50000.h4,0003,golden,PASS,,5154469,39,0,False,stress,rv32i,-Os,0,0,50000,4,,0,32,10,10,10500000,081583e18662cdf5,9.7
standard,stress.rv32i.Os.p0s0.t50000.h4,0004,dut,PASS,,5154435,40,0,False,stress,rv32i,-Os,0,0,50000,4,,0,32,10,10,10500000,081583e18662cdf5,5.7
standard,stress.rv32i.Os.p0s0.t50000.h4,0004,golden,PASS,,5154455,40,0,False,stress,rv32i,-Os,0,0,50000,4,,0,32,10,10,10500000,081583e18662cdf5,11.2
standard,stress.rv32i.Os.p0s0.t50000.h4,0005,dut,PASS,,5154338,40,0,False,stress,rv32i,-Os,0,0,50000,4,,0,32,10,10,10500000,081583e18662cdf5,6.2
standard,stress.rv32i.Os.p0s0.t50000.h4,0005,golden,PASS,,5154256,40,0,False,stress,rv32i,-Os,0,0,50000,4,,0,32,10,10,10500000,081583e18662cdf5,11.3
standard,stress.rv32i.Os.p0s0.t50000.h4,0006,dut,PASS,,5157339,39,0,False,stress,rv32i,-Os,0,0,50000,4,,0,32,10,10,10500000,081583e18662cdf5,6.6
standard,stress.rv32i.Os.p0s0.t50000.h4,0006,golden,PASS,,5157632,39,0,False,stress,rv32i,-Os,0,0,50000,4,,0,32,10,10,10500000,081583e18662cdf5,10.7
standard,stress.rv32i.Os.p0s0.t50000.h4,0007,dut,PASS,,5153124,39,0,False,stress,rv32i,-Os,0,0,50000,4,,0,32,10,10,10500000,081583e18662cdf5,6.4
standard,stress.rv32i.Os.p0s0.t50000.h4,0007,golden,PASS,,5153110,39,0,False,stress,rv32i,-Os,0,0,50000,4,,0,32,10,10,10500000,081583e18662cdf5,10.2
standard,stress.rv32i.Os.p0s0.t50000.h4,0008,dut,PASS,,5153568,40,0,False,stress,rv32i,-Os,0,0,50000,4,,0,32,10,10,10500000,081583e18662cdf5,8.4
standard,stress.rv32i.Os.p0s0.t50000.h4,0008,golden,PASS,,5154064,40,0,False,stress,rv32i,-Os,0,0,50000,4,,0,32,10,10,10500000,081583e18662cdf5,9.6
standard,stress.rv32i.Os.p1s0.t5000.h1,0001,dut,PASS,,4958031,26,0,False,stress,rv32i,-Os,1,0,5000,1,,0,32,6,160,10200000,d39eeca4c0503431,6.7
standard,stress.rv32i.Os.p1s0.t5000.h1,0001,golden,PASS,,4958494,26,0,False,stress,rv32i,-Os,1,0,5000,1,,0,32,6,160,10200000,d39eeca4c0503431,9.7
standard,stress.rv32i.Os.p1s0.t5000.h1,0002,dut,PASS,,4955252,26,0,False,stress,rv32i,-Os,1,0,5000,1,,0,32,6,160,10200000,d39eeca4c0503431,6.1
standard,stress.rv32i.Os.p1s0.t5000.h1,0002,golden,PASS,,4955239,26,0,False,stress,rv32i,-Os,1,0,5000,1,,0,32,6,160,10200000,d39eeca4c0503431,9.1
standard,stress.rv32i.Os.p1s0.t5000.h1,0003,dut,PASS,,4957428,26,0,False,stress,rv32i,-Os,1,0,5000,1,,0,32,6,160,10200000,d39eeca4c0503431,8.6
standard,stress.rv32i.Os.p1s0.t5000.h1,0003,golden,PASS,,4957536,26,0,False,stress,rv32i,-Os,1,0,5000,1,,0,32,6,160,10200000,d39eeca4c0503431,7.3
standard,stress.rv32i.Os.p1s0.t5000.h1,0004,dut,PASS,,4958633,26,0,False,stress,rv32i,-Os,1,0,5000,1,,0,32,6,160,10200000,d39eeca4c0503431,6.5
standard,stress.rv32i.Os.p1s0.t5000.h1,0004,golden,PASS,,4958569,26,0,False,stress,rv32i,-Os,1,0,5000,1,,0,32,6,160,10200000,d39eeca4c0503431,11.4
standard,stress.rv32i.Os.p1s0.t5000.h1,0005,dut,PASS,,4958353,26,0,False,stress,rv32i,-Os,1,0,5000,1,,0,32,6,160,10200000,d39eeca4c0503431,5.0
standard,stress.rv32i.Os.p1s0.t5000.h1,0005,golden,PASS,,4957441,26,0,False,stress,rv32i,-Os,1,0,5000,1,,0,32,6,160,10200000,d39eeca4c0503431,9.9
standard,stress.rv32i.Os.p1s0.t5000.h1,0006,dut,PASS,,4957598,26,0,False,stress,rv32i,-Os,1,0,5000,1,,0,32,6,160,10200000,d39eeca4c0503431,6.3
standard,stress.rv32i.Os.p1s0.t5000.h1,0006,golden,PASS,,4957147,26,0,False,stress,rv32i,-Os,1,0,5000,1,,0,32,6,160,10200000,d39eeca4c0503431,11.1
standard,stress.rv32i.Os.p1s0.t5000.h1,0007,dut,PASS,,4956579,26,0,False,stress,rv32i,-Os,1,0,5000,1,,0,32,6,160,10200000,d39eeca4c0503431,4.6
standard,stress.rv32i.Os.p1s0.t5000.h1,0007,golden,PASS,,4957066,26,0,False,stress,rv32i,-Os,1,0,5000,1,,0,32,6,160,10200000,d39eeca4c0503431,11.3
standard,stress.rv32i.Os.p1s0.t5000.h1,0008,dut,PASS,,4955518,26,0,False,stress,rv32i,-Os,1,0,5000,1,,0,32,6,160,10200000,d39eeca4c0503431,6.1
standard,stress.rv32i.Os.p1s0.t5000.h1,0008,golden,PASS,,4956027,26,0,False,stress,rv32i,-Os,1,0,5000,1,,0,32,6,160,10200000,d39eeca4c0503431,9.0
standard,stress.rv32im.O0.p0s1.t5000.h1,0001,dut,PASS,,8201291,37,0,False,stress,rv32im,-O0,0,1,5000,1,,0,64,4,400,18000000,f62105e2a092326c,10.9
standard,stress.rv32im.O0.p0s1.t5000.h1,0002,dut,PASS,,8201243,37,0,False,stress,rv32im,-O0,0,1,5000,1,,0,64,4,400,18000000,f62105e2a092326c,8.8
standard,stress.rv32im.O0.p0s1.t5000.h1,0003,dut,PASS,,8200128,37,0,False,stress,rv32im,-O0,0,1,5000,1,,0,64,4,400,18000000,f62105e2a092326c,13.1
standard,stress.rv32im.O0.p0s1.t5000.h1,0004,dut,PASS,,8201013,37,0,False,stress,rv32im,-O0,0,1,5000,1,,0,64,4,400,18000000,f62105e2a092326c,9.0
standard,stress.rv32im.O0.p0s1.t5000.h1,0005,dut,PASS,,8201756,38,0,False,stress,rv32im,-O0,0,1,5000,1,,0,64,4,400,18000000,f62105e2a092326c,9.2
standard,stress.rv32im.O0.p0s1.t5000.h1,0006,dut,PASS,,8200730,37,0,False,stress,rv32im,-O0,0,1,5000,1,,0,64,4,400,18000000,f62105e2a092326c,10.1
standard,stress.rv32im.O0.p0s1.t5000.h1,0007,dut,PASS,,8199542,37,0,False,stress,rv32im,-O0,0,1,5000,1,,0,64,4,400,18000000,f62105e2a092326c,10.2
standard,stress.rv32im.O0.p0s1.t5000.h1,0008,dut,PASS,,8199712,37,0,False,stress,rv32im,-O0,0,1,5000,1,,0,64,4,400,18000000,f62105e2a092326c,10.7
standard,stress.rv32im.O2.p1s1.t10000.h4,0001,dut,PASS,,4951315,48,0,False,stress,rv32im,-O2,1,1,10000,4,,0,32,12,40,10200000,200aaab94ec26678,6.3
standard,stress.rv32im.O2.p1s1.t10000.h4,0002,dut,PASS,,4951513,49,0,False,stress,rv32im,-O2,1,1,10000,4,,0,32,12,40,10200000,200aaab94ec26678,6.6
standard,stress.rv32im.O2.p1s1.t10000.h4,0003,dut,PASS,,4950627,49,0,False,stress,rv32im,-O2,1,1,10000,4,,0,32,12,40,10200000,200aaab94ec26678,7.2
standard,stress.rv32im.O2.p1s1.t10000.h4,0004,dut,PASS,,4957377,48,0,False,stress,rv32im,-O2,1,1,10000,4,,0,32,12,40,10200000,200aaab94ec26678,6.7
standard,stress.rv32im.O2.p1s1.t10000.h4,0005,dut,PASS,,4951138,48,0,False,stress,rv32im,-O2,1,1,10000,4,,0,32,12,40,10200000,200aaab94ec26678,6.5
standard,stress.rv32im.O2.p1s1.t10000.h4,0006,dut,PASS,,4952803,48,0,False,stress,rv32im,-O2,1,1,10000,4,,0,32,12,40,10200000,200aaab94ec26678,4.8
standard,stress.rv32im.O2.p1s1.t10000.h4,0007,dut,PASS,,4950566,49,0,False,stress,rv32im,-O2,1,1,10000,4,,0,32,12,40,10200000,200aaab94ec26678,6.2
standard,stress.rv32im.O2.p1s1.t10000.h4,0008,dut,PASS,,4953300,50,0,False,stress,rv32im,-O2,1,1,10000,4,,0,32,12,40,10200000,200aaab94ec26678,6.2
standard,stress.rv32im.Os.p1s0.t500.h4,0001,dut,PASS,,19358610,18,0,False,stress,rv32im,-Os,1,0,500,4,,0,32,4,9600,31800000,121499d07dbb00c5,29.6
standard,stress.rv32im.Os.p1s0.t500.h4,0002,dut,PASS,,19357682,18,0,False,stress,rv32im,-Os,1,0,500,4,,0,32,4,9600,31800000,121499d07dbb00c5,25.8
standard,stress.rv32im.Os.p1s0.t500.h4,0003,dut,PASS,,19357775,18,0,False,stress,rv32im,-Os,1,0,500,4,,0,32,4,9600,31800000,121499d07dbb00c5,31.0
standard,stress.rv32im.Os.p1s0.t500.h4,0004,dut,PASS,,19357774,18,0,False,stress,rv32im,-Os,1,0,500,4,,0,32,4,9600,31800000,121499d07dbb00c5,19.6
standard,stress.rv32im.Os.p1s0.t500.h4,0005,dut,PASS,,19357775,18,0,False,stress,rv32im,-Os,1,0,500,4,,0,32,4,9600,31800000,121499d07dbb00c5,27.6
standard,stress.rv32im.Os.p1s0.t500.h4,0006,dut,PASS,,19358106,18,0,False,stress,rv32im,-Os,1,0,500,4,,0,32,4,9600,31800000,121499d07dbb00c5,25.9
standard,stress.rv32im.Os.p1s0.t500.h4,0007,dut,PASS,,19358182,18,0,False,stress,rv32im,-Os,1,0,500,4,,0,32,4,9600,31800000,121499d07dbb00c5,27.1
standard,stress.rv32im.Os.p1s0.t500.h4,0008,dut,PASS,,19357183,18,0,False,stress,rv32im,-Os,1,0,500,4,,0,32,4,9600,31800000,121499d07dbb00c5,30.9
standard,stress.rv32im_zba.O0.p1s1.t50000.h4,0001,dut,PASS,,5207579,33,0,False,stress,rv32im_zba,-O0,1,1,50000,4,,0,64,5,20,13500000,e661e1c43aed8faa,6.7
standard,stress.rv32im_zba.O0.p1s1.t50000.h4,0002,dut,PASS,,5206726,33,0,False,stress,rv32im_zba,-O0,1,1,50000,4,,0,64,5,20,13500000,e661e1c43aed8faa,6.9
standard,stress.rv32im_zba.O0.p1s1.t50000.h4,0003,dut,PASS,,5207889,34,0,False,stress,rv32im_zba,-O0,1,1,50000,4,,0,64,5,20,13500000,e661e1c43aed8faa,6.4
standard,stress.rv32im_zba.O0.p1s1.t50000.h4,0004,dut,PASS,,5208187,35,0,False,stress,rv32im_zba,-O0,1,1,50000,4,,0,64,5,20,13500000,e661e1c43aed8faa,6.4
standard,stress.rv32im_zba.O0.p1s1.t50000.h4,0005,dut,PASS,,5208640,34,0,False,stress,rv32im_zba,-O0,1,1,50000,4,,0,64,5,20,13500000,e661e1c43aed8faa,4.8
standard,stress.rv32im_zba.O0.p1s1.t50000.h4,0006,dut,PASS,,5208866,34,0,False,stress,rv32im_zba,-O0,1,1,50000,4,,0,64,5,20,13500000,e661e1c43aed8faa,7.6
standard,stress.rv32im_zba.O0.p1s1.t50000.h4,0007,dut,PASS,,5207898,36,0,False,stress,rv32im_zba,-O0,1,1,50000,4,,0,64,5,20,13500000,e661e1c43aed8faa,7.4
standard,stress.rv32im_zba.O0.p1s1.t50000.h4,0008,dut,PASS,,5207834,35,0,False,stress,rv32im_zba,-O0,1,1,50000,4,,0,64,5,20,13500000,e661e1c43aed8faa,6.7
standard,stress.rv32im_zba.O2.p1s1.t5000.h1,0001,dut,PASS,,4949926,26,0,False,stress,rv32im_zba,-O2,1,1,5000,1,,0,32,6,160,10200000,7ac0ee0eba5656fb,6.0
standard,stress.rv32im_zba.O2.p1s1.t5000.h1,0002,dut,PASS,,4948880,26,0,False,stress,rv32im_zba,-O2,1,1,5000,1,,0,32,6,160,10200000,7ac0ee0eba5656fb,6.5
standard,stress.rv32im_zba.O2.p1s1.t5000.h1,0003,dut,PASS,,4950370,27,0,False,stress,rv32im_zba,-O2,1,1,5000,1,,0,32,6,160,10200000,7ac0ee0eba5656fb,6.1
standard,stress.rv32im_zba.O2.p1s1.t5000.h1,0004,dut,PASS,,4952804,27,0,False,stress,rv32im_zba,-O2,1,1,5000,1,,0,32,6,160,10200000,7ac0ee0eba5656fb,4.7
standard,stress.rv32im_zba.O2.p1s1.t5000.h1,0005,dut,PASS,,4950391,26,0,False,stress,rv32im_zba,-O2,1,1,5000,1,,0,32,6,160,10200000,7ac0ee0eba5656fb,6.3
standard,stress.rv32im_zba.O2.p1s1.t5000.h1,0006,dut,PASS,,4949747,26,0,False,stress,rv32im_zba,-O2,1,1,5000,1,,0,32,6,160,10200000,7ac0ee0eba5656fb,7.8
standard,stress.rv32im_zba.O2.p1s1.t5000.h1,0007,dut,PASS,,4948880,26,0,False,stress,rv32im_zba,-O2,1,1,5000,1,,0,32,6,160,10200000,7ac0ee0eba5656fb,5.3
standard,stress.rv32im_zba.O2.p1s1.t5000.h1,0008,dut,PASS,,4958761,27,0,False,stress,rv32im_zba,-O2,1,1,5000,1,,0,32,6,160,10200000,7ac0ee0eba5656fb,6.1
standard,stress.rv32im_zba.Os.p0s1.t10000.h4,0001,dut,PASS,,4950744,51,0,False,stress,rv32im_zba,-Os,0,1,10000,4,,0,32,12,40,10200000,ca5dd421c4ef85ad,6.1
standard,stress.rv32im_zba.Os.p0s1.t10000.h4,0002,dut,PASS,,4950206,51,0,False,stress,rv32im_zba,-Os,0,1,10000,4,,0,32,12,40,10200000,ca5dd421c4ef85ad,6.5
standard,stress.rv32im_zba.Os.p0s1.t10000.h4,0003,dut,PASS,,4951959,51,0,False,stress,rv32im_zba,-Os,0,1,10000,4,,0,32,12,40,10200000,ca5dd421c4ef85ad,6.2
standard,stress.rv32im_zba.Os.p0s1.t10000.h4,0004,dut,PASS,,4950773,51,0,False,stress,rv32im_zba,-Os,0,1,10000,4,,0,32,12,40,10200000,ca5dd421c4ef85ad,6.3
standard,stress.rv32im_zba.Os.p0s1.t10000.h4,0005,dut,PASS,,4950481,51,0,False,stress,rv32im_zba,-Os,0,1,10000,4,,0,32,12,40,10200000,ca5dd421c4ef85ad,4.8
standard,stress.rv32im_zba.Os.p0s1.t10000.h4,0006,dut,PASS,,4951435,51,0,False,stress,rv32im_zba,-Os,0,1,10000,4,,0,32,12,40,10200000,ca5dd421c4ef85ad,6.4
standard,stress.rv32im_zba.Os.p0s1.t10000.h4,0007,dut,PASS,,4949480,51,0,False,stress,rv32im_zba,-Os,0,1,10000,4,,0,32,12,40,10200000,ca5dd421c4ef85ad,7.0
standard,stress.rv32im_zba.Os.p0s1.t10000.h4,0008,dut,PASS,,4949652,51,0,False,stress,rv32im_zba,-Os,0,1,10000,4,,0,32,12,40,10200000,ca5dd421c4ef85ad,4.8
validate,minimal.rv32i.O2.p1s1.t10000.h4,0001,dut,PASS,,5169449,6,0,False,minimal,rv32i,-O2,1,1,10000,4,,0,32,1,500,10500000,76b059de758c7e02,5.4
validate,minimal.rv32i.O2.p1s1.t10000.h4,0001,golden,PASS,,5169441,6,0,False,minimal,rv32i,-O2,1,1,10000,4,,0,32,1,500,10500000,76b059de758c7e02,10.0
validate,minimal.rv32i.O2.p1s1.t10000.h4,0002,dut,PASS,,5159450,6,0,False,minimal,rv32i,-O2,1,1,10000,4,,0,32,1,500,10500000,76b059de758c7e02,7.7
validate,minimal.rv32i.O2.p1s1.t10000.h4,0002,golden,PASS,,5159440,6,0,False,minimal,rv32i,-O2,1,1,10000,4,,0,32,1,500,10500000,76b059de758c7e02,9.8
validate,minimal.rv32i.O2.p1s1.t10000.h4,0003,dut,PASS,,5189449,6,0,False,minimal,rv32i,-O2,1,1,10000,4,,0,32,1,500,10500000,76b059de758c7e02,6.9
validate,minimal.rv32i.O2.p1s1.t10000.h4,0003,golden,PASS,,5189441,6,0,False,minimal,rv32i,-O2,1,1,10000,4,,0,32,1,500,10500000,76b059de758c7e02,8.7
validate,minimal.rv32i.O2.p1s1.t10000.h4,0004,dut,PASS,,5159477,6,0,False,minimal,rv32i,-O2,1,1,10000,4,,0,32,1,500,10500000,76b059de758c7e02,5.1
validate,minimal.rv32i.O2.p1s1.t10000.h4,0004,golden,PASS,,5159469,6,0,False,minimal,rv32i,-O2,1,1,10000,4,,0,32,1,500,10500000,76b059de758c7e02,10.1
validate,minimal.rv32i.O2.p1s1.t10000.h4,0005,dut,PASS,,5179477,6,0,False,minimal,rv32i,-O2,1,1,10000,4,,0,32,1,500,10500000,76b059de758c7e02,6.0
validate,minimal.rv32i.O2.p1s1.t10000.h4,0005,golden,PASS,,5179466,6,0,False,minimal,rv32i,-O2,1,1,10000,4,,0,32,1,500,10500000,76b059de758c7e02,10.3
validate,minimal.rv32i.O2.p1s1.t10000.h4,0006,dut,PASS,,5169449,6,0,False,minimal,rv32i,-O2,1,1,10000,4,,0,32,1,500,10500000,76b059de758c7e02,6.3
validate,minimal.rv32i.O2.p1s1.t10000.h4,0006,golden,PASS,,5169441,6,0,False,minimal,rv32i,-O2,1,1,10000,4,,0,32,1,500,10500000,76b059de758c7e02,9.3
validate,minimal.rv32i.O2.p1s1.t10000.h4,0007,dut,PASS,,5179450,6,0,False,minimal,rv32i,-O2,1,1,10000,4,,0,32,1,500,10500000,76b059de758c7e02,5.9
validate,minimal.rv32i.O2.p1s1.t10000.h4,0007,golden,PASS,,5179441,6,0,False,minimal,rv32i,-O2,1,1,10000,4,,0,32,1,500,10500000,76b059de758c7e02,11.2
validate,minimal.rv32i.O2.p1s1.t10000.h4,0008,dut,PASS,,5189449,6,0,False,minimal,rv32i,-O2,1,1,10000,4,,0,32,1,500,10500000,76b059de758c7e02,6.4
validate,minimal.rv32i.O2.p1s1.t10000.h4,0008,golden,PASS,,5189441,6,0,False,minimal,rv32i,-O2,1,1,10000,4,,0,32,1,500,10500000,76b059de758c7e02,8.6
validate,minimal.rv32i.O2.p1s1.t10000.h4,0009,dut,PASS,,5159449,6,0,False,minimal,rv32i,-O2,1,1,10000,4,,0,32,1,500,10500000,76b059de758c7e02,5.7
validate,minimal.rv32i.O2.p1s1.t10000.h4,0009,golden,PASS,,5159441,6,0,False,minimal,rv32i,-O2,1,1,10000,4,,0,32,1,500,10500000,76b059de758c7e02,7.4
validate,minimal.rv32i.O2.p1s1.t10000.h4,000a,dut,PASS,,5159449,6,0,False,minimal,rv32i,-O2,1,1,10000,4,,0,32,1,500,10500000,76b059de758c7e02,6.4
validate,minimal.rv32i.O2.p1s1.t10000.h4,000a,golden,PASS,,5159441,6,0,False,minimal,rv32i,-O2,1,1,10000,4,,0,32,1,500,10500000,76b059de758c7e02,9.7
validate,minimal.rv32i.O2.p1s1.t10000.h4,000b,dut,PASS,,5169449,6,0,False,minimal,rv32i,-O2,1,1,10000,4,,0,32,1,500,10500000,76b059de758c7e02,6.9
validate,minimal.rv32i.O2.p1s1.t10000.h4,000b,golden,PASS,,5169440,6,0,False,minimal,rv32i,-O2,1,1,10000,4,,0,32,1,500,10500000,76b059de758c7e02,10.5
validate,minimal.rv32i.O2.p1s1.t10000.h4,000c,dut,PASS,,5169450,6,0,False,minimal,rv32i,-O2,1,1,10000,4,,0,32,1,500,10500000,76b059de758c7e02,5.4
validate,minimal.rv32i.O2.p1s1.t10000.h4,000c,golden,PASS,,5169441,6,0,False,minimal,rv32i,-O2,1,1,10000,4,,0,32,1,500,10500000,76b059de758c7e02,7.4
validate,minimal.rv32i.O2.p1s1.t10000.h4,000d,dut,PASS,,5189449,6,0,False,minimal,rv32i,-O2,1,1,10000,4,,0,32,1,500,10500000,76b059de758c7e02,4.8
validate,minimal.rv32i.O2.p1s1.t10000.h4,000d,golden,PASS,,5189441,6,0,False,minimal,rv32i,-O2,1,1,10000,4,,0,32,1,500,10500000,76b059de758c7e02,9.4
validate,minimal.rv32i.O2.p1s1.t10000.h4,000e,dut,PASS,,5159449,6,0,False,minimal,rv32i,-O2,1,1,10000,4,,0,32,1,500,10500000,76b059de758c7e02,6.6
validate,minimal.rv32i.O2.p1s1.t10000.h4,000e,golden,PASS,,5159441,6,0,False,minimal,rv32i,-O2,1,1,10000,4,,0,32,1,500,10500000,76b059de758c7e02,10.9
validate,minimal.rv32i.O2.p1s1.t10000.h4,000f,dut,PASS,,5189477,6,0,False,minimal,rv32i,-O2,1,1,10000,4,,0,32,1,500,10500000,76b059de758c7e02,6.3
validate,minimal.rv32i.O2.p1s1.t10000.h4,000f,golden,PASS,,5189469,6,0,False,minimal,rv32i,-O2,1,1,10000,4,,0,32,1,500,10500000,76b059de758c7e02,13.2
validate,minimal.rv32i.O2.p1s1.t10000.h4,0010,dut,PASS,,5159449,6,0,False,minimal,rv32i,-O2,1,1,10000,4,,0,32,1,500,10500000,76b059de758c7e02,6.3
validate,minimal.rv32i.O2.p1s1.t10000.h4,0010,golden,PASS,,5159441,6,0,False,minimal,rv32i,-O2,1,1,10000,4,,0,32,1,500,10500000,76b059de758c7e02,9.2
validate,mzba.rv32i.O2.p1s1.t10000.h4,0001,dut,PASS,,6072507,32,0,False,mzba,rv32i,-O2,1,1,10000,4,,0,32,5,100,10500000,d1a223f0543594e9,7.4
validate,mzba.rv32i.O2.p1s1.t10000.h4,0001,golden,PASS,,6072858,32,0,False,mzba,rv32i,-O2,1,1,10000,4,,0,32,5,100,10500000,d1a223f0543594e9,10.7
validate,mzba.rv32i.O2.p1s1.t10000.h4,0002,dut,PASS,,5978046,34,0,False,mzba,rv32i,-O2,1,1,10000,4,,0,32,5,100,10500000,d1a223f0543594e9,6.3
validate,mzba.rv32i.O2.p1s1.t10000.h4,0002,golden,PASS,,5977999,34,0,False,mzba,rv32i,-O2,1,1,10000,4,,0,32,5,100,10500000,d1a223f0543594e9,11.4
validate,mzba.rv32i.O2.p1s1.t10000.h4,0003,dut,PASS,,6089931,33,0,False,mzba,rv32i,-O2,1,1,10000,4,,0,32,5,100,10500000,d1a223f0543594e9,10.8
validate,mzba.rv32i.O2.p1s1.t10000.h4,0003,golden,PASS,,6087223,34,0,False,mzba,rv32i,-O2,1,1,10000,4,,0,32,5,100,10500000,d1a223f0543594e9,8.9
validate,mzba.rv32i.O2.p1s1.t10000.h4,0004,dut,PASS,,6038641,34,0,False,mzba,rv32i,-O2,1,1,10000,4,,0,32,5,100,10500000,d1a223f0543594e9,7.4
validate,mzba.rv32i.O2.p1s1.t10000.h4,0004,golden,PASS,,6039343,33,0,False,mzba,rv32i,-O2,1,1,10000,4,,0,32,5,100,10500000,d1a223f0543594e9,10.9
validate,mzba.rv32i.O2.p1s1.t10000.h4,0005,dut,PASS,,5979656,34,0,False,mzba,rv32i,-O2,1,1,10000,4,,0,32,5,100,10500000,d1a223f0543594e9,7.6
validate,mzba.rv32i.O2.p1s1.t10000.h4,0005,golden,PASS,,5978309,36,0,False,mzba,rv32i,-O2,1,1,10000,4,,0,32,5,100,10500000,d1a223f0543594e9,12.5
validate,mzba.rv32i.O2.p1s1.t10000.h4,0006,dut,PASS,,6034589,34,0,False,mzba,rv32i,-O2,1,1,10000,4,,0,32,5,100,10500000,d1a223f0543594e9,6.8
validate,mzba.rv32i.O2.p1s1.t10000.h4,0006,golden,PASS,,6037307,33,0,False,mzba,rv32i,-O2,1,1,10000,4,,0,32,5,100,10500000,d1a223f0543594e9,8.7
validate,mzba.rv32i.O2.p1s1.t10000.h4,0007,dut,PASS,,6035578,31,0,False,mzba,rv32i,-O2,1,1,10000,4,,0,32,5,100,10500000,d1a223f0543594e9,7.1
validate,mzba.rv32i.O2.p1s1.t10000.h4,0007,golden,PASS,,6036055,29,0,False,mzba,rv32i,-O2,1,1,10000,4,,0,32,5,100,10500000,d1a223f0543594e9,9.9
validate,mzba.rv32i.O2.p1s1.t10000.h4,0008,dut,PASS,,6035185,34,0,False,mzba,rv32i,-O2,1,1,10000,4,,0,32,5,100,10500000,d1a223f0543594e9,7.6
validate,mzba.rv32i.O2.p1s1.t10000.h4,0008,golden,PASS,,6035207,33,0,False,mzba,rv32i,-O2,1,1,10000,4,,0,32,5,100,10500000,d1a223f0543594e9,12.7
validate,mzba.rv32i.O2.p1s1.t10000.h4,0009,dut,PASS,,6033184,34,0,False,mzba,rv32i,-O2,1,1,10000,4,,0,32,5,100,10500000,d1a223f0543594e9,8.2
validate,mzba.rv32i.O2.p1s1.t10000.h4,0009,golden,PASS,,6033195,34,0,False,mzba,rv32i,-O2,1,1,10000,4,,0,32,5,100,10500000,d1a223f0543594e9,10.3
validate,mzba.rv32i.O2.p1s1.t10000.h4,000a,dut,PASS,,6022178,34,0,False,mzba,rv32i,-O2,1,1,10000,4,,0,32,5,100,10500000,d1a223f0543594e9,6.1
validate,mzba.rv32i.O2.p1s1.t10000.h4,000a,golden,PASS,,6018059,33,0,False,mzba,rv32i,-O2,1,1,10000,4,,0,32,5,100,10500000,d1a223f0543594e9,10.1
validate,mzba.rv32i.O2.p1s1.t10000.h4,000b,dut,PASS,,6071447,35,0,False,mzba,rv32i,-O2,1,1,10000,4,,0,32,5,100,10500000,d1a223f0543594e9,7.5
validate,mzba.rv32i.O2.p1s1.t10000.h4,000b,golden,PASS,,6071484,34,0,False,mzba,rv32i,-O2,1,1,10000,4,,0,32,5,100,10500000,d1a223f0543594e9,13.5
validate,mzba.rv32i.O2.p1s1.t10000.h4,000c,dut,PASS,,6023657,33,0,False,mzba,rv32i,-O2,1,1,10000,4,,0,32,5,100,10500000,d1a223f0543594e9,5.8
validate,mzba.rv32i.O2.p1s1.t10000.h4,000c,golden,PASS,,6022854,34,0,False,mzba,rv32i,-O2,1,1,10000,4,,0,32,5,100,10500000,d1a223f0543594e9,11.0
validate,mzba.rv32i.O2.p1s1.t10000.h4,000d,dut,PASS,,6088807,31,0,False,mzba,rv32i,-O2,1,1,10000,4,,0,32,5,100,10500000,d1a223f0543594e9,6.8
validate,mzba.rv32i.O2.p1s1.t10000.h4,000d,golden,PASS,,6088423,31,0,False,mzba,rv32i,-O2,1,1,10000,4,,0,32,5,100,10500000,d1a223f0543594e9,10.7
validate,mzba.rv32i.O2.p1s1.t10000.h4,000e,dut,PASS,,6011628,33,0,False,mzba,rv32i,-O2,1,1,10000,4,,0,32,5,100,10500000,d1a223f0543594e9,6.9
validate,mzba.rv32i.O2.p1s1.t10000.h4,000e,golden,PASS,,6013478,33,0,False,mzba,rv32i,-O2,1,1,10000,4,,0,32,5,100,10500000,d1a223f0543594e9,10.9
validate,mzba.rv32i.O2.p1s1.t10000.h4,000f,dut,PASS,,6077357,31,0,False,mzba,rv32i,-O2,1,1,10000,4,,0,32,5,100,10500000,d1a223f0543594e9,7.7
validate,mzba.rv32i.O2.p1s1.t10000.h4,000f,golden,PASS,,6077940,30,0,False,mzba,rv32i,-O2,1,1,10000,4,,0,32,5,100,10500000,d1a223f0543594e9,9.3
validate,mzba.rv32i.O2.p1s1.t10000.h4,0010,dut,PASS,,5976288,34,0,False,mzba,rv32i,-O2,1,1,10000,4,,0,32,5,100,10500000,d1a223f0543594e9,6.9
validate,mzba.rv32i.O2.p1s1.t10000.h4,0010,golden,PASS,,5976336,32,0,False,mzba,rv32i,-O2,1,1,10000,4,,0,32,5,100,10500000,d1a223f0543594e9,10.9
validate,stress.noyield.rv32i.O0.p1s1.t10000.h4,0001,dut,PASS,,5216132,40,0,False,stress,rv32i,-O0,1,1,10000,4,noyield,0,64,5,100,13500000,fd5857d55768d542,6.3
validate,stress.noyield.rv32i.O0.p1s1.t10000.h4,0001,golden,PASS,,5215680,40,0,False,stress,rv32i,-O0,1,1,10000,4,noyield,0,64,5,100,13500000,fd5857d55768d542,11.8
validate,stress.noyield.rv32i.O0.p1s1.t10000.h4,0002,dut,PASS,,5216315,42,0,False,stress,rv32i,-O0,1,1,10000,4,noyield,0,64,5,100,13500000,fd5857d55768d542,6.8
validate,stress.noyield.rv32i.O0.p1s1.t10000.h4,0002,golden,PASS,,5212120,41,0,False,stress,rv32i,-O0,1,1,10000,4,noyield,0,64,5,100,13500000,fd5857d55768d542,12.3
validate,stress.noyield.rv32i.O0.p1s1.t10000.h4,0003,dut,PASS,,5215511,39,0,False,stress,rv32i,-O0,1,1,10000,4,noyield,0,64,5,100,13500000,fd5857d55768d542,6.2
validate,stress.noyield.rv32i.O0.p1s1.t10000.h4,0003,golden,PASS,,5215025,40,0,False,stress,rv32i,-O0,1,1,10000,4,noyield,0,64,5,100,13500000,fd5857d55768d542,16.8
validate,stress.noyield.rv32i.O0.p1s1.t10000.h4,0004,dut,PASS,,5214979,39,0,False,stress,rv32i,-O0,1,1,10000,4,noyield,0,64,5,100,13500000,fd5857d55768d542,6.5
validate,stress.noyield.rv32i.O0.p1s1.t10000.h4,0004,golden,PASS,,5215050,39,0,False,stress,rv32i,-O0,1,1,10000,4,noyield,0,64,5,100,13500000,fd5857d55768d542,11.9
validate,stress.noyield.rv32i.O0.p1s1.t10000.h4,0005,dut,PASS,,5214782,39,0,False,stress,rv32i,-O0,1,1,10000,4,noyield,0,64,5,100,13500000,fd5857d55768d542,5.0
validate,stress.noyield.rv32i.O0.p1s1.t10000.h4,0005,golden,PASS,,5215652,39,0,False,stress,rv32i,-O0,1,1,10000,4,noyield,0,64,5,100,13500000,fd5857d55768d542,8.7
validate,stress.noyield.rv32i.O0.p1s1.t10000.h4,0006,dut,PASS,,5216884,39,0,False,stress,rv32i,-O0,1,1,10000,4,noyield,0,64,5,100,13500000,fd5857d55768d542,6.9
validate,stress.noyield.rv32i.O0.p1s1.t10000.h4,0006,golden,PASS,,5216865,39,0,False,stress,rv32i,-O0,1,1,10000,4,noyield,0,64,5,100,13500000,fd5857d55768d542,10.8
validate,stress.noyield.rv32i.O0.p1s1.t10000.h4,0007,dut,PASS,,5220053,41,0,False,stress,rv32i,-O0,1,1,10000,4,noyield,0,64,5,100,13500000,fd5857d55768d542,7.4
validate,stress.noyield.rv32i.O0.p1s1.t10000.h4,0007,golden,PASS,,5212751,41,0,False,stress,rv32i,-O0,1,1,10000,4,noyield,0,64,5,100,13500000,fd5857d55768d542,12.2
validate,stress.noyield.rv32i.O0.p1s1.t10000.h4,0008,dut,PASS,,5212922,39,0,False,stress,rv32i,-O0,1,1,10000,4,noyield,0,64,5,100,13500000,fd5857d55768d542,7.0
validate,stress.noyield.rv32i.O0.p1s1.t10000.h4,0008,golden,PASS,,5213080,40,0,False,stress,rv32i,-O0,1,1,10000,4,noyield,0,64,5,100,13500000,fd5857d55768d542,14.1
validate,stress.noyield.rv32i.O0.p1s1.t10000.h4,0009,dut,PASS,,5215956,39,0,False,stress,rv32i,-O0,1,1,10000,4,noyield,0,64,5,100,13500000,fd5857d55768d542,6.8
validate,stress.noyield.rv32i.O0.p1s1.t10000.h4,0009,golden,PASS,,5215468,39,0,False,stress,rv32i,-O0,1,1,10000,4,noyield,0,64,5,100,13500000,fd5857d55768d542,10.2
validate,stress.noyield.rv32i.O0.p1s1.t10000.h4,000a,dut,PASS,,5214444,39,0,False,stress,rv32i,-O0,1,1,10000,4,noyield,0,64,5,100,13500000,fd5857d55768d542,5.6
validate,stress.noyield.rv32i.O0.p1s1.t10000.h4,000a,golden,PASS,,5214446,39,0,False,stress,rv32i,-O0,1,1,10000,4,noyield,0,64,5,100,13500000,fd5857d55768d542,9.9
validate,stress.noyield.rv32i.O0.p1s1.t10000.h4,000b,dut,PASS,,5216333,40,0,False,stress,rv32i,-O0,1,1,10000,4,noyield,0,64,5,100,13500000,fd5857d55768d542,6.6
validate,stress.noyield.rv32i.O0.p1s1.t10000.h4,000b,golden,PASS,,5215708,39,0,False,stress,rv32i,-O0,1,1,10000,4,noyield,0,64,5,100,13500000,fd5857d55768d542,12.7
validate,stress.noyield.rv32i.O0.p1s1.t10000.h4,000c,dut,PASS,,5215314,39,0,False,stress,rv32i,-O0,1,1,10000,4,noyield,0,64,5,100,13500000,fd5857d55768d542,6.4
validate,stress.noyield.rv32i.O0.p1s1.t10000.h4,000c,golden,PASS,,5215803,39,0,False,stress,rv32i,-O0,1,1,10000,4,noyield,0,64,5,100,13500000,fd5857d55768d542,11.4
validate,stress.noyield.rv32i.O0.p1s1.t10000.h4,000d,dut,PASS,,5212595,41,0,False,stress,rv32i,-O0,1,1,10000,4,noyield,0,64,5,100,13500000,fd5857d55768d542,6.4
validate,stress.noyield.rv32i.O0.p1s1.t10000.h4,000d,golden,PASS,,5212274,41,0,False,stress,rv32i,-O0,1,1,10000,4,noyield,0,64,5,100,13500000,fd5857d55768d542,15.3
validate,stress.noyield.rv32i.O0.p1s1.t10000.h4,000e,dut,PASS,,5216894,40,0,False,stress,rv32i,-O0,1,1,10000,4,noyield,0,64,5,100,13500000,fd5857d55768d542,6.5
validate,stress.noyield.rv32i.O0.p1s1.t10000.h4,000e,golden,PASS,,5215821,40,0,False,stress,rv32i,-O0,1,1,10000,4,noyield,0,64,5,100,13500000,fd5857d55768d542,11.1
validate,stress.noyield.rv32i.O0.p1s1.t10000.h4,000f,dut,PASS,,5214628,39,0,False,stress,rv32i,-O0,1,1,10000,4,noyield,0,64,5,100,13500000,fd5857d55768d542,8.8
validate,stress.noyield.rv32i.O0.p1s1.t10000.h4,000f,golden,PASS,,5214613,39,0,False,stress,rv32i,-O0,1,1,10000,4,noyield,0,64,5,100,13500000,fd5857d55768d542,11.4
validate,stress.noyield.rv32i.O0.p1s1.t10000.h4,0010,dut,PASS,,5215023,40,0,False,stress,rv32i,-O0,1,1,10000,4,noyield,0,64,5,100,13500000,fd5857d55768d542,7.5
validate,stress.noyield.rv32i.O0.p1s1.t10000.h4,0010,golden,PASS,,5215252,39,0,False,stress,rv32i,-O0,1,1,10000,4,noyield,0,64,5,100,13500000,fd5857d55768d542,11.3
validate,stress.noyield.rv32i.O2.p0s1.t10000.h4,0001,dut,PASS,,4953988,51,0,False,stress,rv32i,-O2,0,1,10000,4,noyield,0,32,12,40,10200000,f2e353552b4b4129,6.5
validate,stress.noyield.rv32i.O2.p0s1.t10000.h4,0001,golden,PASS,,4952551,52,0,False,stress,rv32i,-O2,0,1,10000,4,noyield,0,32,12,40,10200000,f2e353552b4b4129,10.1
validate,stress.noyield.rv32i.O2.p0s1.t10000.h4,0002,dut,PASS,,4950641,51,0,False,stress,rv32i,-O2,0,1,10000,4,noyield,0,32,12,40,10200000,f2e353552b4b4129,6.7
validate,stress.noyield.rv32i.O2.p0s1.t10000.h4,0002,golden,PASS,,4950557,51,0,False,stress,rv32i,-O2,0,1,10000,4,noyield,0,32,12,40,10200000,f2e353552b4b4129,9.3
validate,stress.noyield.rv32i.O2.p0s1.t10000.h4,0003,dut,PASS,,4952771,50,0,False,stress,rv32i,-O2,0,1,10000,4,noyield,0,32,12,40,10200000,f2e353552b4b4129,5.4
validate,stress.noyield.rv32i.O2.p0s1.t10000.h4,0003,golden,PASS,,4951983,51,0,False,stress,rv32i,-O2,0,1,10000,4,noyield,0,32,12,40,10200000,f2e353552b4b4129,9.2
validate,stress.noyield.rv32i.O2.p0s1.t10000.h4,0004,dut,PASS,,4952588,52,0,False,stress,rv32i,-O2,0,1,10000,4,noyield,0,32,12,40,10200000,f2e353552b4b4129,6.5
validate,stress.noyield.rv32i.O2.p0s1.t10000.h4,0004,golden,PASS,,4952917,51,0,False,stress,rv32i,-O2,0,1,10000,4,noyield,0,32,12,40,10200000,f2e353552b4b4129,8.2
validate,stress.noyield.rv32i.O2.p0s1.t10000.h4,0005,dut,PASS,,4952495,51,0,False,stress,rv32i,-O2,0,1,10000,4,noyield,0,32,12,40,10200000,f2e353552b4b4129,7.8
validate,stress.noyield.rv32i.O2.p0s1.t10000.h4,0005,golden,PASS,,4951618,51,0,False,stress,rv32i,-O2,0,1,10000,4,noyield,0,32,12,40,10200000,f2e353552b4b4129,10.2
validate,stress.noyield.rv32i.O2.p0s1.t10000.h4,0006,dut,PASS,,4953477,51,0,False,stress,rv32i,-O2,0,1,10000,4,noyield,0,32,12,40,10200000,f2e353552b4b4129,4.9
validate,stress.noyield.rv32i.O2.p0s1.t10000.h4,0006,golden,PASS,,4956620,51,0,False,stress,rv32i,-O2,0,1,10000,4,noyield,0,32,12,40,10200000,f2e353552b4b4129,13.0
validate,stress.noyield.rv32i.O2.p0s1.t10000.h4,0007,dut,PASS,,4949960,52,0,False,stress,rv32i,-O2,0,1,10000,4,noyield,0,32,12,40,10200000,f2e353552b4b4129,6.6
validate,stress.noyield.rv32i.O2.p0s1.t10000.h4,0007,golden,PASS,,4949931,51,0,False,stress,rv32i,-O2,0,1,10000,4,noyield,0,32,12,40,10200000,f2e353552b4b4129,10.1
validate,stress.noyield.rv32i.O2.p0s1.t10000.h4,0008,dut,PASS,,4951110,51,0,False,stress,rv32i,-O2,0,1,10000,4,noyield,0,32,12,40,10200000,f2e353552b4b4129,6.3
validate,stress.noyield.rv32i.O2.p0s1.t10000.h4,0008,golden,PASS,,4950129,52,0,False,stress,rv32i,-O2,0,1,10000,4,noyield,0,32,12,40,10200000,f2e353552b4b4129,9.2
validate,stress.noyield.rv32i.O2.p0s1.t10000.h4,0009,dut,PASS,,4953066,51,0,False,stress,rv32i,-O2,0,1,10000,4,noyield,0,32,12,40,10200000,f2e353552b4b4129,6.7
validate,stress.noyield.rv32i.O2.p0s1.t10000.h4,0009,golden,PASS,,4952270,52,0,False,stress,rv32i,-O2,0,1,10000,4,noyield,0,32,12,40,10200000,f2e353552b4b4129,9.2
validate,stress.noyield.rv32i.O2.p0s1.t10000.h4,000a,dut,PASS,,4952970,51,0,False,stress,rv32i,-O2,0,1,10000,4,noyield,0,32,12,40,10200000,f2e353552b4b4129,6.4
validate,stress.noyield.rv32i.O2.p0s1.t10000.h4,000a,golden,PASS,,4953928,51,0,False,stress,rv32i,-O2,0,1,10000,4,noyield,0,32,12,40,10200000,f2e353552b4b4129,7.4
validate,stress.noyield.rv32i.O2.p0s1.t10000.h4,000b,dut,PASS,,4951934,51,0,False,stress,rv32i,-O2,0,1,10000,4,noyield,0,32,12,40,10200000,f2e353552b4b4129,6.7
validate,stress.noyield.rv32i.O2.p0s1.t10000.h4,000b,golden,PASS,,4951982,51,0,False,stress,rv32i,-O2,0,1,10000,4,noyield,0,32,12,40,10200000,f2e353552b4b4129,10.7
validate,stress.noyield.rv32i.O2.p0s1.t10000.h4,000c,dut,PASS,,4953858,51,0,False,stress,rv32i,-O2,0,1,10000,4,noyield,0,32,12,40,10200000,f2e353552b4b4129,6.0
validate,stress.noyield.rv32i.O2.p0s1.t10000.h4,000c,golden,PASS,,4954167,51,0,False,stress,rv32i,-O2,0,1,10000,4,noyield,0,32,12,40,10200000,f2e353552b4b4129,11.7
validate,stress.noyield.rv32i.O2.p0s1.t10000.h4,000d,dut,PASS,,4956087,52,0,False,stress,rv32i,-O2,0,1,10000,4,noyield,0,32,12,40,10200000,f2e353552b4b4129,4.7
validate,stress.noyield.rv32i.O2.p0s1.t10000.h4,000d,golden,PASS,,4950400,51,0,False,stress,rv32i,-O2,0,1,10000,4,noyield,0,32,12,40,10200000,f2e353552b4b4129,9.6
validate,stress.noyield.rv32i.O2.p0s1.t10000.h4,000e,dut,PASS,,4952313,51,0,False,stress,rv32i,-O2,0,1,10000,4,noyield,0,32,12,40,10200000,f2e353552b4b4129,6.1
validate,stress.noyield.rv32i.O2.p0s1.t10000.h4,000e,golden,PASS,,4952704,51,0,False,stress,rv32i,-O2,0,1,10000,4,noyield,0,32,12,40,10200000,f2e353552b4b4129,9.8
validate,stress.noyield.rv32i.O2.p0s1.t10000.h4,000f,dut,PASS,,4961125,52,0,False,stress,rv32i,-O2,0,1,10000,4,noyield,0,32,12,40,10200000,f2e353552b4b4129,6.8
validate,stress.noyield.rv32i.O2.p0s1.t10000.h4,000f,golden,PASS,,4953012,51,0,False,stress,rv32i,-O2,0,1,10000,4,noyield,0,32,12,40,10200000,f2e353552b4b4129,10.2
validate,stress.noyield.rv32i.O2.p0s1.t10000.h4,0010,dut,PASS,,4953607,51,0,False,stress,rv32i,-O2,0,1,10000,4,noyield,0,32,12,40,10200000,f2e353552b4b4129,6.5
validate,stress.noyield.rv32i.O2.p0s1.t10000.h4,0010,golden,PASS,,4954804,51,0,False,stress,rv32i,-O2,0,1,10000,4,noyield,0,32,12,40,10200000,f2e353552b4b4129,10.4
validate,stress.noyield.rv32i.O2.p1s1.t10000.h4,0001,dut,PASS,,4956138,47,0,False,stress,rv32i,-O2,1,1,10000,4,noyield,0,32,12,40,10200000,11cdba1147a1e62d,6.8
validate,stress.noyield.rv32i.O2.p1s1.t10000.h4,0001,golden,PASS,,4955946,48,0,False,stress,rv32i,-O2,1,1,10000,4,noyield,0,32,12,40,10200000,11cdba1147a1e62d,11.6
validate,stress.noyield.rv32i.O2.p1s1.t10000.h4,0002,dut,PASS,,4954209,48,0,False,stress,rv32i,-O2,1,1,10000,4,noyield,0,32,12,40,10200000,11cdba1147a1e62d,6.5
validate,stress.noyield.rv32i.O2.p1s1.t10000.h4,0002,golden,PASS,,4953867,49,0,False,stress,rv32i,-O2,1,1,10000,4,noyield,0,32,12,40,10200000,11cdba1147a1e62d,7.2
validate,stress.noyield.rv32i.O2.p1s1.t10000.h4,0003,dut,PASS,,4955869,48,0,False,stress,rv32i,-O2,1,1,10000,4,noyield,0,32,12,40,10200000,11cdba1147a1e62d,6.1
validate,stress.noyield.rv32i.O2.p1s1.t10000.h4,0003,golden,PASS,,4955827,48,0,False,stress,rv32i,-O2,1,1,10000,4,noyield,0,32,12,40,10200000,11cdba1147a1e62d,8.5
validate,stress.noyield.rv32i.O2.p1s1.t10000.h4,0004,dut,PASS,,4956483,48,0,False,stress,rv32i,-O2,1,1,10000,4,noyield,0,32,12,40,10200000,11cdba1147a1e62d,5.9
validate,stress.noyield.rv32i.O2.p1s1.t10000.h4,0004,golden,PASS,,4956039,47,0,False,stress,rv32i,-O2,1,1,10000,4,noyield,0,32,12,40,10200000,11cdba1147a1e62d,9.2
validate,stress.noyield.rv32i.O2.p1s1.t10000.h4,0005,dut,PASS,,4955811,47,0,False,stress,rv32i,-O2,1,1,10000,4,noyield,0,32,12,40,10200000,11cdba1147a1e62d,4.7
validate,stress.noyield.rv32i.O2.p1s1.t10000.h4,0005,golden,PASS,,4956164,47,0,False,stress,rv32i,-O2,1,1,10000,4,noyield,0,32,12,40,10200000,11cdba1147a1e62d,11.7
validate,stress.noyield.rv32i.O2.p1s1.t10000.h4,0006,dut,PASS,,4958665,47,0,False,stress,rv32i,-O2,1,1,10000,4,noyield,0,32,12,40,10200000,11cdba1147a1e62d,6.2
validate,stress.noyield.rv32i.O2.p1s1.t10000.h4,0006,golden,PASS,,4957540,46,0,False,stress,rv32i,-O2,1,1,10000,4,noyield,0,32,12,40,10200000,11cdba1147a1e62d,11.2
validate,stress.noyield.rv32i.O2.p1s1.t10000.h4,0007,dut,PASS,,4953588,49,0,False,stress,rv32i,-O2,1,1,10000,4,noyield,0,32,12,40,10200000,11cdba1147a1e62d,4.9
validate,stress.noyield.rv32i.O2.p1s1.t10000.h4,0007,golden,PASS,,4953222,49,0,False,stress,rv32i,-O2,1,1,10000,4,noyield,0,32,12,40,10200000,11cdba1147a1e62d,10.3
validate,stress.noyield.rv32i.O2.p1s1.t10000.h4,0008,dut,PASS,,4953889,49,0,False,stress,rv32i,-O2,1,1,10000,4,noyield,0,32,12,40,10200000,11cdba1147a1e62d,6.9
validate,stress.noyield.rv32i.O2.p1s1.t10000.h4,0008,golden,PASS,,4959799,49,0,False,stress,rv32i,-O2,1,1,10000,4,noyield,0,32,12,40,10200000,11cdba1147a1e62d,11.2
validate,stress.noyield.rv32i.O2.p1s1.t10000.h4,0009,dut,PASS,,4956497,48,0,False,stress,rv32i,-O2,1,1,10000,4,noyield,0,32,12,40,10200000,11cdba1147a1e62d,6.4
validate,stress.noyield.rv32i.O2.p1s1.t10000.h4,0009,golden,PASS,,4955840,47,0,False,stress,rv32i,-O2,1,1,10000,4,noyield,0,32,12,40,10200000,11cdba1147a1e62d,9.6
validate,stress.noyield.rv32i.O2.p1s1.t10000.h4,000a,dut,PASS,,4961513,48,0,False,stress,rv32i,-O2,1,1,10000,4,noyield,0,32,12,40,10200000,11cdba1147a1e62d,8.1
validate,stress.noyield.rv32i.O2.p1s1.t10000.h4,000a,golden,PASS,,4956501,48,0,False,stress,rv32i,-O2,1,1,10000,4,noyield,0,32,12,40,10200000,11cdba1147a1e62d,9.8
validate,stress.noyield.rv32i.O2.p1s1.t10000.h4,000b,dut,PASS,,4964222,48,0,False,stress,rv32i,-O2,1,1,10000,4,noyield,0,32,12,40,10200000,11cdba1147a1e62d,6.9
validate,stress.noyield.rv32i.O2.p1s1.t10000.h4,000b,golden,PASS,,4956050,48,0,False,stress,rv32i,-O2,1,1,10000,4,noyield,0,32,12,40,10200000,11cdba1147a1e62d,9.4
validate,stress.noyield.rv32i.O2.p1s1.t10000.h4,000c,dut,PASS,,4958707,47,0,False,stress,rv32i,-O2,1,1,10000,4,noyield,0,32,12,40,10200000,11cdba1147a1e62d,6.4
validate,stress.noyield.rv32i.O2.p1s1.t10000.h4,000c,golden,PASS,,4958647,47,0,False,stress,rv32i,-O2,1,1,10000,4,noyield,0,32,12,40,10200000,11cdba1147a1e62d,8.9
validate,stress.noyield.rv32i.O2.p1s1.t10000.h4,000d,dut,PASS,,4954446,48,0,False,stress,rv32i,-O2,1,1,10000,4,noyield,0,32,12,40,10200000,11cdba1147a1e62d,6.0
validate,stress.noyield.rv32i.O2.p1s1.t10000.h4,000d,golden,PASS,,4954487,49,0,False,stress,rv32i,-O2,1,1,10000,4,noyield,0,32,12,40,10200000,11cdba1147a1e62d,9.2
validate,stress.noyield.rv32i.O2.p1s1.t10000.h4,000e,dut,PASS,,4962161,48,0,False,stress,rv32i,-O2,1,1,10000,4,noyield,0,32,12,40,10200000,11cdba1147a1e62d,5.4
validate,stress.noyield.rv32i.O2.p1s1.t10000.h4,000e,golden,PASS,,4962420,49,0,False,stress,rv32i,-O2,1,1,10000,4,noyield,0,32,12,40,10200000,11cdba1147a1e62d,7.2
validate,stress.noyield.rv32i.O2.p1s1.t10000.h4,000f,dut,PASS,,4956463,47,0,False,stress,rv32i,-O2,1,1,10000,4,noyield,0,32,12,40,10200000,11cdba1147a1e62d,6.2
validate,stress.noyield.rv32i.O2.p1s1.t10000.h4,000f,golden,PASS,,4956034,47,0,False,stress,rv32i,-O2,1,1,10000,4,noyield,0,32,12,40,10200000,11cdba1147a1e62d,7.6
validate,stress.noyield.rv32i.O2.p1s1.t10000.h4,0010,dut,PASS,,4957749,47,0,False,stress,rv32i,-O2,1,1,10000,4,noyield,0,32,12,40,10200000,11cdba1147a1e62d,5.9
validate,stress.noyield.rv32i.O2.p1s1.t10000.h4,0010,golden,PASS,,4957743,47,0,False,stress,rv32i,-O2,1,1,10000,4,noyield,0,32,12,40,10200000,11cdba1147a1e62d,10.5
validate,stress.noyield.rv32i.Os.p1s1.t5000.h4,0001,dut,PASS,,4960624,26,0,False,stress,rv32i,-Os,1,1,5000,4,noyield,0,32,6,160,10200000,d801874aa302f18c,6.0
validate,stress.noyield.rv32i.Os.p1s1.t5000.h4,0001,golden,PASS,,4959091,26,0,False,stress,rv32i,-Os,1,1,5000,4,noyield,0,32,6,160,10200000,d801874aa302f18c,9.6
validate,stress.noyield.rv32i.Os.p1s1.t5000.h4,0002,dut,PASS,,4957386,26,0,False,stress,rv32i,-Os,1,1,5000,4,noyield,0,32,6,160,10200000,d801874aa302f18c,6.2
validate,stress.noyield.rv32i.Os.p1s1.t5000.h4,0002,golden,PASS,,4956525,26,0,False,stress,rv32i,-Os,1,1,5000,4,noyield,0,32,6,160,10200000,d801874aa302f18c,10.7
validate,stress.noyield.rv32i.Os.p1s1.t5000.h4,0003,dut,PASS,,4959497,26,0,False,stress,rv32i,-Os,1,1,5000,4,noyield,0,32,6,160,10200000,d801874aa302f18c,6.2
validate,stress.noyield.rv32i.Os.p1s1.t5000.h4,0003,golden,PASS,,4959595,26,0,False,stress,rv32i,-Os,1,1,5000,4,noyield,0,32,6,160,10200000,d801874aa302f18c,10.1
validate,stress.noyield.rv32i.Os.p1s1.t5000.h4,0004,dut,PASS,,4959667,26,0,False,stress,rv32i,-Os,1,1,5000,4,noyield,0,32,6,160,10200000,d801874aa302f18c,6.3
validate,stress.noyield.rv32i.Os.p1s1.t5000.h4,0004,golden,PASS,,4959704,26,0,False,stress,rv32i,-Os,1,1,5000,4,noyield,0,32,6,160,10200000,d801874aa302f18c,12.3
validate,stress.noyield.rv32i.Os.p1s1.t5000.h4,0005,dut,PASS,,4959984,26,0,False,stress,rv32i,-Os,1,1,5000,4,noyield,0,32,6,160,10200000,d801874aa302f18c,6.1
validate,stress.noyield.rv32i.Os.p1s1.t5000.h4,0005,golden,PASS,,4959119,26,0,False,stress,rv32i,-Os,1,1,5000,4,noyield,0,32,6,160,10200000,d801874aa302f18c,9.3
validate,stress.noyield.rv32i.Os.p1s1.t5000.h4,0006,dut,PASS,,4958964,26,0,False,stress,rv32i,-Os,1,1,5000,4,noyield,0,32,6,160,10200000,d801874aa302f18c,5.8
validate,stress.noyield.rv32i.Os.p1s1.t5000.h4,0006,golden,PASS,,4960062,26,0,False,stress,rv32i,-Os,1,1,5000,4,noyield,0,32,6,160,10200000,d801874aa302f18c,8.3
validate,stress.noyield.rv32i.Os.p1s1.t5000.h4,0007,dut,PASS,,4958251,26,0,False,stress,rv32i,-Os,1,1,5000,4,noyield,0,32,6,160,10200000,d801874aa302f18c,6.9
validate,stress.noyield.rv32i.Os.p1s1.t5000.h4,0007,golden,PASS,,4958487,26,0,False,stress,rv32i,-Os,1,1,5000,4,noyield,0,32,6,160,10200000,d801874aa302f18c,9.9
validate,stress.noyield.rv32i.Os.p1s1.t5000.h4,0008,dut,PASS,,4958021,26,0,False,stress,rv32i,-Os,1,1,5000,4,noyield,0,32,6,160,10200000,d801874aa302f18c,8.4
validate,stress.noyield.rv32i.Os.p1s1.t5000.h4,0008,golden,PASS,,4957026,26,0,False,stress,rv32i,-Os,1,1,5000,4,noyield,0,32,6,160,10200000,d801874aa302f18c,9.1
validate,stress.noyield.rv32i.Os.p1s1.t5000.h4,0009,dut,PASS,,4960396,26,0,False,stress,rv32i,-Os,1,1,5000,4,noyield,0,32,6,160,10200000,d801874aa302f18c,5.9
validate,stress.noyield.rv32i.Os.p1s1.t5000.h4,0009,golden,PASS,,4960085,26,0,False,stress,rv32i,-Os,1,1,5000,4,noyield,0,32,6,160,10200000,d801874aa302f18c,7.5
validate,stress.noyield.rv32i.Os.p1s1.t5000.h4,000a,dut,PASS,,4959150,26,0,False,stress,rv32i,-Os,1,1,5000,4,noyield,0,32,6,160,10200000,d801874aa302f18c,6.5
validate,stress.noyield.rv32i.Os.p1s1.t5000.h4,000a,golden,PASS,,4958182,26,0,False,stress,rv32i,-Os,1,1,5000,4,noyield,0,32,6,160,10200000,d801874aa302f18c,11.0
validate,stress.noyield.rv32i.Os.p1s1.t5000.h4,000b,dut,PASS,,4958707,26,0,False,stress,rv32i,-Os,1,1,5000,4,noyield,0,32,6,160,10200000,d801874aa302f18c,6.0
validate,stress.noyield.rv32i.Os.p1s1.t5000.h4,000b,golden,PASS,,4958871,26,0,False,stress,rv32i,-Os,1,1,5000,4,noyield,0,32,6,160,10200000,d801874aa302f18c,9.3
validate,stress.noyield.rv32i.Os.p1s1.t5000.h4,000c,dut,PASS,,4959263,26,0,False,stress,rv32i,-Os,1,1,5000,4,noyield,0,32,6,160,10200000,d801874aa302f18c,7.0
validate,stress.noyield.rv32i.Os.p1s1.t5000.h4,000c,golden,PASS,,4958845,26,0,False,stress,rv32i,-Os,1,1,5000,4,noyield,0,32,6,160,10200000,d801874aa302f18c,9.6
validate,stress.noyield.rv32i.Os.p1s1.t5000.h4,000d,dut,PASS,,4958096,26,0,False,stress,rv32i,-Os,1,1,5000,4,noyield,0,32,6,160,10200000,d801874aa302f18c,4.7
validate,stress.noyield.rv32i.Os.p1s1.t5000.h4,000d,golden,PASS,,4958215,26,0,False,stress,rv32i,-Os,1,1,5000,4,noyield,0,32,6,160,10200000,d801874aa302f18c,10.1
validate,stress.noyield.rv32i.Os.p1s1.t5000.h4,000e,dut,PASS,,4959295,26,0,False,stress,rv32i,-Os,1,1,5000,4,noyield,0,32,6,160,10200000,d801874aa302f18c,6.0
validate,stress.noyield.rv32i.Os.p1s1.t5000.h4,000e,golden,PASS,,4959972,26,0,False,stress,rv32i,-Os,1,1,5000,4,noyield,0,32,6,160,10200000,d801874aa302f18c,9.2
validate,stress.noyield.rv32i.Os.p1s1.t5000.h4,000f,dut,PASS,,4959769,26,0,False,stress,rv32i,-Os,1,1,5000,4,noyield,0,32,6,160,10200000,d801874aa302f18c,5.4
validate,stress.noyield.rv32i.Os.p1s1.t5000.h4,000f,golden,PASS,,4959311,26,0,False,stress,rv32i,-Os,1,1,5000,4,noyield,0,32,6,160,10200000,d801874aa302f18c,7.2
validate,stress.noyield.rv32i.Os.p1s1.t5000.h4,0010,dut,PASS,,4958807,26,0,False,stress,rv32i,-Os,1,1,5000,4,noyield,0,32,6,160,10200000,d801874aa302f18c,6.6
validate,stress.noyield.rv32i.Os.p1s1.t5000.h4,0010,golden,PASS,,4958097,26,0,False,stress,rv32i,-Os,1,1,5000,4,noyield,0,32,6,160,10200000,d801874aa302f18c,12.8
validate,stress.rv32i.O2.p1s1.t10000.h4,0001,dut,PASS,,4956529,48,0,False,stress,rv32i,-O2,1,1,10000,4,,0,32,12,40,10200000,0cef9d4419eedac1,6.0
validate,stress.rv32i.O2.p1s1.t10000.h4,0001,golden,PASS,,4956610,48,0,False,stress,rv32i,-O2,1,1,10000,4,,0,32,12,40,10200000,0cef9d4419eedac1,10.4
validate,stress.rv32i.O2.p1s1.t10000.h4,0002,dut,PASS,,4963228,50,0,False,stress,rv32i,-O2,1,1,10000,4,,0,32,12,40,10200000,0cef9d4419eedac1,6.5
validate,stress.rv32i.O2.p1s1.t10000.h4,0002,golden,PASS,,4955428,49,0,False,stress,rv32i,-O2,1,1,10000,4,,0,32,12,40,10200000,0cef9d4419eedac1,10.0
validate,stress.rv32i.O2.p1s1.t10000.h4,0003,dut,PASS,,4956596,48,0,False,stress,rv32i,-O2,1,1,10000,4,,0,32,12,40,10200000,0cef9d4419eedac1,6.0
validate,stress.rv32i.O2.p1s1.t10000.h4,0003,golden,PASS,,4955845,47,0,False,stress,rv32i,-O2,1,1,10000,4,,0,32,12,40,10200000,0cef9d4419eedac1,10.0
validate,stress.rv32i.O2.p1s1.t10000.h4,0004,dut,PASS,,4963631,49,0,False,stress,rv32i,-O2,1,1,10000,4,,0,32,12,40,10200000,0cef9d4419eedac1,6.1
validate,stress.rv32i.O2.p1s1.t10000.h4,0004,golden,PASS,,4956927,49,0,False,stress,rv32i,-O2,1,1,10000,4,,0,32,12,40,10200000,0cef9d4419eedac1,8.2
validate,stress.rv32i.O2.p1s1.t10000.h4,0005,dut,PASS,,4956265,47,0,False,stress,rv32i,-O2,1,1,10000,4,,0,32,12,40,10200000,0cef9d4419eedac1,6.0
validate,stress.rv32i.O2.p1s1.t10000.h4,0005,golden,PASS,,4957781,48,0,False,stress,rv32i,-O2,1,1,10000,4,,0,32,12,40,10200000,0cef9d4419eedac1,9.9
validate,stress.rv32i.O2.p1s1.t10000.h4,0006,dut,PASS,,4957878,47,0,False,stress,rv32i,-O2,1,1,10000,4,,0,32,12,40,10200000,0cef9d4419eedac1,6.6
validate,stress.rv32i.O2.p1s1.t10000.h4,0006,golden,PASS,,4957471,47,0,False,stress,rv32i,-O2,1,1,10000,4,,0,32,12,40,10200000,0cef9d4419eedac1,8.7
validate,stress.rv32i.O2.p1s1.t10000.h4,0007,dut,PASS,,4954126,49,0,False,stress,rv32i,-O2,1,1,10000,4,,0,32,12,40,10200000,0cef9d4419eedac1,7.2
validate,stress.rv32i.O2.p1s1.t10000.h4,0007,golden,PASS,,4955024,49,0,False,stress,rv32i,-O2,1,1,10000,4,,0,32,12,40,10200000,0cef9d4419eedac1,9.5
validate,stress.rv32i.O2.p1s1.t10000.h4,0008,dut,PASS,,4958186,50,0,False,stress,rv32i,-O2,1,1,10000,4,,0,32,12,40,10200000,0cef9d4419eedac1,6.3
validate,stress.rv32i.O2.p1s1.t10000.h4,0008,golden,PASS,,4954555,49,0,False,stress,rv32i,-O2,1,1,10000,4,,0,32,12,40,10200000,0cef9d4419eedac1,7.7
validate,stress.rv32i.O2.p1s1.t10000.h4,0009,dut,PASS,,4957208,47,0,False,stress,rv32i,-O2,1,1,10000,4,,0,32,12,40,10200000,0cef9d4419eedac1,6.3
validate,stress.rv32i.O2.p1s1.t10000.h4,0009,golden,PASS,,4956473,48,0,False,stress,rv32i,-O2,1,1,10000,4,,0,32,12,40,10200000,0cef9d4419eedac1,10.6
validate,stress.rv32i.O2.p1s1.t10000.h4,000a,dut,PASS,,4956837,48,0,False,stress,rv32i,-O2,1,1,10000,4,,0,32,12,40,10200000,0cef9d4419eedac1,6.1
validate,stress.rv32i.O2.p1s1.t10000.h4,000a,golden,PASS,,4956780,48,0,False,stress,rv32i,-O2,1,1,10000,4,,0,32,12,40,10200000,0cef9d4419eedac1,9.5
validate,stress.rv32i.O2.p1s1.t10000.h4,000b,dut,PASS,,4957112,48,0,False,stress,rv32i,-O2,1,1,10000,4,,0,32,12,40,10200000,0cef9d4419eedac1,6.8
validate,stress.rv32i.O2.p1s1.t10000.h4,000b,golden,PASS,,4956522,47,0,False,stress,rv32i,-O2,1,1,10000,4,,0,32,12,40,10200000,0cef9d4419eedac1,11.3
validate,stress.rv32i.O2.p1s1.t10000.h4,000c,dut,PASS,,4959286,47,0,False,stress,rv32i,-O2,1,1,10000,4,,0,32,12,40,10200000,0cef9d4419eedac1,5.1
validate,stress.rv32i.O2.p1s1.t10000.h4,000c,golden,PASS,,4959160,47,0,False,stress,rv32i,-O2,1,1,10000,4,,0,32,12,40,10200000,0cef9d4419eedac1,14.3
validate,stress.rv32i.O2.p1s1.t10000.h4,000d,dut,PASS,,4954697,49,0,False,stress,rv32i,-O2,1,1,10000,4,,0,32,12,40,10200000,0cef9d4419eedac1,6.0
validate,stress.rv32i.O2.p1s1.t10000.h4,000d,golden,PASS,,4955093,49,0,False,stress,rv32i,-O2,1,1,10000,4,,0,32,12,40,10200000,0cef9d4419eedac1,10.5
validate,stress.rv32i.O2.p1s1.t10000.h4,000e,dut,PASS,,4957090,48,0,False,stress,rv32i,-O2,1,1,10000,4,,0,32,12,40,10200000,0cef9d4419eedac1,6.8
validate,stress.rv32i.O2.p1s1.t10000.h4,000e,golden,PASS,,4960369,48,0,False,stress,rv32i,-O2,1,1,10000,4,,0,32,12,40,10200000,0cef9d4419eedac1,10.2
validate,stress.rv32i.O2.p1s1.t10000.h4,000f,dut,PASS,,4956944,47,0,False,stress,rv32i,-O2,1,1,10000,4,,0,32,12,40,10200000,0cef9d4419eedac1,6.3
validate,stress.rv32i.O2.p1s1.t10000.h4,000f,golden,PASS,,4956858,47,0,False,stress,rv32i,-O2,1,1,10000,4,,0,32,12,40,10200000,0cef9d4419eedac1,10.5
validate,stress.rv32i.O2.p1s1.t10000.h4,0010,dut,PASS,,4957453,47,0,False,stress,rv32i,-O2,1,1,10000,4,,0,32,12,40,10200000,0cef9d4419eedac1,4.7
validate,stress.rv32i.O2.p1s1.t10000.h4,0010,golden,PASS,,4957108,47,0,False,stress,rv32i,-O2,1,1,10000,4,,0,32,12,40,10200000,0cef9d4419eedac1,9.8
